pct,qu
北京市,华北地区
天津市,华北地区
上海市,华东地区
重庆市,西南地区
河北省,华北地区
山西省,华北地区
辽宁省,东北地区
吉林省,东北地区
黑龙江省,东北地区
江苏省,华东地区
浙江省,华东地区
安徽省,华东地区
福建省,华东地区
江西省,华东地区
山东省,华东地区
河南省,华中地区
湖北省,华中地区
湖南省,华中地区
广东省,华南地区
海南省,华南地区
四川省,西南地区
贵州省,西南地区
云南省,西南地区
陕西省,西北地区
甘肃省,西北地区
青海省,西北地区
内蒙古自治区,华北地区
广西壮族自治区,华南地区
西藏自治区,西南地区
宁夏回族自治区,西北地区
新疆维吾尔自治区,西北地区
北京,华北地区
天津,华北地区
上海,华东地区
重庆,西南地区
河北,华北地区
山西,华北地区
辽宁,东北地区
吉林,东北地区
黑龙江,东北地区
江苏,华东地区
浙江,华东地区
安徽,华东地区
福建,华东地区
江西,华东地区
山东,华东地区
河南,华中地区
湖北,华中地区
湖南,华中地区
广东,华南地区
海南,华南地区
四川,西南地区
贵州,西南地区
云南,西南地区
陕西,西北地区
甘肃,西北地区
青海,西北地区
内蒙古,华北地区
广西,华南地区
西藏,西南地区
宁夏,西北地区
新疆,西北地区
北京城区,华北地区
天津城区,华北地区
上海城区,华东地区
重庆郊县,西南地区
重庆城区,西南地区
邢台市,华北地区
邯郸市,华北地区
唐山市,华北地区
承德市,华北地区
张家口市,华北地区
廊坊市,华北地区
沧州市,华北地区
衡水市,华北地区
秦皇岛市,华北地区
保定市,华北地区
石家庄市,华北地区
阳泉市,华北地区
太原市,华北地区
临汾市,华北地区
运城市,华北地区
长治市,华北地区
朔州市,华北地区
忻州市,华北地区
大同市,华北地区
晋城市,华北地区
晋中市,华北地区
吕梁市,华北地区
大连市,东北地区
葫芦岛市,东北地区
锦州市,东北地区
丹东市,东北地区
抚顺市,东北地区
沈阳市,东北地区
鞍山市,东北地区
铁岭市,东北地区
辽阳市,东北地区
盘锦市,东北地区
营口市,东北地区
朝阳市,东北地区
阜新市,东北地区
本溪市,东北地区
长春市,东北地区
辽源市,东北地区
吉林市,东北地区
白城市,东北地区
松原市,东北地区
四平市,东北地区
延边朝鲜族自治州,东北地区
白山市,东北地区
通化市,东北地区
大兴安岭地区,东北地区
七台河市,东北地区
大庆市,东北地区
鹤岗市,东北地区
伊春市,东北地区
绥化市,东北地区
佳木斯市,东北地区
齐齐哈尔市,东北地区
鸡西市,东北地区
双鸭山市,东北地区
哈尔滨市,东北地区
黑河市,东北地区
牡丹江市,东北地区
宿迁市,华东地区
连云港市,华东地区
扬州市,华东地区
南京市,华东地区
南通市,华东地区
无锡市,华东地区
镇江市,华东地区
淮安市,华东地区
泰州市,华东地区
徐州市,华东地区
苏州市,华东地区
常州市,华东地区
盐城市,华东地区
宁波市,华东地区
台州市,华东地区
嘉兴市,华东地区
舟山市,华东地区
温州市,华东地区
衢州市,华东地区
金华市,华东地区
丽水市,华东地区
杭州市,华东地区
绍兴市,华东地区
湖州市,华东地区
阜阳市,华东地区
淮北市,华东地区
铜陵市,华东地区
蚌埠市,华东地区
马鞍山市,华东地区
池州市,华东地区
亳州市,华东地区
滁州市,华东地区
安庆市,华东地区
黄山市,华东地区
宣城市,华东地区
芜湖市,华东地区
六安市,华东地区
淮南市,华东地区
合肥市,华东地区
宿州市,华东地区
宁德市,华东地区
福州市,华东地区
龙岩市,华东地区
莆田市,华东地区
泉州市,华东地区
三明市,华东地区
厦门市,华东地区
漳州市,华东地区
南平市,华东地区
景德镇市,华东地区
九江市,华东地区
抚州市,华东地区
上饶市,华东地区
新余市,华东地区
赣州市,华东地区
鹰潭市,华东地区
南昌市,华东地区
吉安市,华东地区
萍乡市,华东地区
宜春市,华东地区
威海市,华东地区
烟台市,华东地区
滨州市,华东地区
临沂市,华东地区
莱芜市,华东地区
淄博市,华东地区
青岛市,华东地区
聊城市,华东地区
德州市,华东地区
日照市,华东地区
菏泽市,华东地区
潍坊市,华东地区
济南市,华东地区
泰安市,华东地区
东营市,华东地区
济宁市,华东地区
枣庄市,华东地区
濮阳市,华中地区
洛阳市,华中地区
三门峡市,华中地区
郑州市,华中地区
许昌市,华中地区
南阳市,华中地区
漯河市,华中地区
济源市,华中地区
平顶山市,华中地区
信阳市,华中地区
焦作市,华中地区
安阳市,华中地区
驻马店市,华中地区
商丘市,华中地区
新乡市,华中地区
鹤壁市,华中地区
周口市,华中地区
开封市,华中地区
十堰市,华中地区
宜昌市,华中地区
孝感市,华中地区
武汉市,华中地区
恩施土家族苗族自治州,华中地区
天门市,华中地区
黄冈市,华中地区
潜江市,华中地区
襄阳市,华中地区
荆门市,华中地区
仙桃市,华中地区
神农架林区,华中地区
随州市,华中地区
荆州市,华中地区
咸宁市,华中地区
黄石市,华中地区
鄂州市,华中地区
岳阳市,华中地区
衡阳市,华中地区
娄底市,华中地区
湘潭市,华中地区
益阳市,华中地区
长沙市,华中地区
常德市,华中地区
怀化市,华中地区
邵阳市,华中地区
张家界市,华中地区
湘西土家族苗族自治州,华中地区
株洲市,华中地区
永州市,华中地区
郴州市,华中地区
汕头市,华南地区
佛山市,华南地区
珠海市,华南地区
江门市,华南地区
湛江市,华南地区
惠州市,华南地区
肇庆市,华南地区
汕尾市,华南地区
茂名市,华南地区
深圳市,华南地区
阳江市,华南地区
潮州市,华南地区
韶关市,华南地区
梅州市,华南地区
河源市,华南地区
清远市,华南地区
东莞市,华南地区
云浮市,华南地区
揭阳市,华南地区
广州市,华南地区
中山市,华南地区
屯昌县,华南地区
琼海市,华南地区
昌江黎族自治县,华南地区
定安县,华南地区
琼中黎族苗族自治县,华南地区
临高县,华南地区
东方市,华南地区
白沙黎族自治县,华南地区
文昌市,华南地区
五指山市,华南地区
保亭黎族苗族自治县,华南地区
澄迈县,华南地区
三沙市,华南地区
陵水黎族自治县,华南地区
三亚市,华南地区
万宁市,华南地区
乐东黎族自治县,华南地区
儋州市,华南地区
海口市,华南地区
广元市,西南地区
南充市,西南地区
达州市,西南地区
眉山市,西南地区
德阳市,西南地区
遂宁市,西南地区
巴中市,西南地区
广安市,西南地区
资阳市,西南地区
成都市,西南地区
绵阳市,西南地区
内江市,西南地区
宜宾市,西南地区
自贡市,西南地区
雅安市,西南地区
攀枝花市,西南地区
乐山市,西南地区
甘孜藏族自治州,西南地区
泸州市,西南地区
阿坝藏族羌族自治州,西南地区
凉山彝族自治州,西南地区
铜仁市,西南地区
六盘水市,西南地区
黔东南苗族侗族自治州,西南地区
遵义市,西南地区
黔南布依族苗族自治州,西南地区
黔西南布依族苗族自治州,西南地区
安顺市,西南地区
毕节市,西南地区
贵阳市,西南地区
昭通市,西南地区
曲靖市,西南地区
红河哈尼族彝族自治州,西南地区
丽江市,西南地区
西双版纳傣族自治州,西南地区
保山市,西南地区
文山壮族苗族自治州,西南地区
大理白族自治州,西南地区
怒江傈僳族自治州,西南地区
迪庆藏族自治州,西南地区
玉溪市,西南地区
普洱市,西南地区
昆明市,西南地区
楚雄彝族自治州,西南地区
德宏傣族景颇族自治州,西南地区
临沧市,西南地区
商洛市,西北地区
西安市,西北地区
汉中市,西北地区
安康市,西北地区
榆林市,西北地区
铜川市,西北地区
咸阳市,西北地区
宝鸡市,西北地区
延安市,西北地区
渭南市,西北地区
兰州市,西北地区
金昌市,西北地区
嘉峪关市,西北地区
酒泉市,西北地区
平凉市,西北地区
白银市,西北地区
张掖市,西北地区
甘南藏族自治州,西北地区
临夏回族自治州,西北地区
陇南市,西北地区
天水市,西北地区
武威市,西北地区
定西市,西北地区
庆阳市,西北地区
海东市,西北地区
海南藏族自治州,西北地区
海西蒙古族藏族自治州,西北地区
玉树藏族自治州,西北地区
黄南藏族自治州,西北地区
果洛藏族自治州,西北地区
海北藏族自治州,西北地区
西宁市,西北地区
乌海市,华北地区
巴彦淖尔市,华北地区
呼伦贝尔市,华北地区
鄂尔多斯市,华北地区
包头市,华北地区
呼和浩特市,华北地区
通辽市,华北地区
赤峰市,华北地区
阿拉善盟,华北地区
兴安盟,华北地区
锡林郭勒盟,华北地区
乌兰察布市,华北地区
钦州市,华南地区
桂林市,华南地区
百色市,华南地区
北海市,华南地区
贵港市,华南地区
河池市,华南地区
柳州市,华南地区
南宁市,华南地区
来宾市,华南地区
崇左市,华南地区
贺州市,华南地区
防城港市,华南地区
梧州市,华南地区
玉林市,华南地区
昌都市,西南地区
拉萨市,西南地区
那曲市,西南地区
日喀则市,西南地区
山南市,西南地区
林芝市,西南地区
阿里地区,西南地区
固原市,西北地区
中卫市,西北地区
银川市,西北地区
石嘴山市,西北地区
吴忠市,西北地区
北屯市,西北地区
双河市,西北地区
铁门关市,西北地区
博尔塔拉蒙古自治州,西北地区
和田地区,西北地区
塔城地区,西北地区
昆玉市,西北地区
可克达拉市,西北地区
石河子市,西北地区
阿勒泰地区,西北地区
克拉玛依市,西北地区
昌吉回族自治州,西北地区
五家渠市,西北地区
巴音郭楞蒙古自治州,西北地区
阿拉尔市,西北地区
图木舒克市,西北地区
喀什地区,西北地区
伊犁哈萨克自治州,西北地区
乌鲁木齐市,西北地区
阿克苏地区,西北地区
克孜勒苏柯尔克孜自治州,西北地区
哈密市,西北地区
吐鲁番市,西北地区
邢台,华北地区
邯郸,华北地区
唐山,华北地区
承德,华北地区
张家口,华北地区
廊坊,华北地区
沧州,华北地区
衡水,华北地区
秦皇岛,华北地区
保定,华北地区
石家庄,华北地区
阳泉,华北地区
太原,华北地区
临汾,华北地区
运城,华北地区
长治,华北地区
朔州,华北地区
忻州,华北地区
大同,华北地区
晋城,华北地区
晋中,华北地区
吕梁,华北地区
大连,东北地区
葫芦岛,东北地区
锦州,东北地区
丹东,东北地区
抚顺,东北地区
沈阳,东北地区
鞍山,东北地区
铁岭,东北地区
辽阳,东北地区
盘锦,东北地区
营口,东北地区
朝阳,东北地区
阜新,东北地区
本溪,东北地区
长春,东北地区
辽源,东北地区
白城,东北地区
松原,东北地区
四平,东北地区
延边朝鲜族,东北地区
白山,东北地区
通化,东北地区
七台河,东北地区
大庆,东北地区
鹤岗,东北地区
伊春,东北地区
绥化,东北地区
佳木斯,东北地区
齐齐哈尔,东北地区
鸡西,东北地区
双鸭山,东北地区
哈尔滨,东北地区
黑河,东北地区
牡丹江,东北地区
宿迁,华东地区
连云港,华东地区
扬州,华东地区
南京,华东地区
南通,华东地区
无锡,华东地区
镇江,华东地区
淮安,华东地区
泰州,华东地区
徐州,华东地区
苏州,华东地区
常州,华东地区
盐城,华东地区
宁波,华东地区
台州,华东地区
嘉兴,华东地区
舟山,华东地区
温州,华东地区
衢州,华东地区
金华,华东地区
丽水,华东地区
杭州,华东地区
绍兴,华东地区
湖州,华东地区
阜阳,华东地区
淮北,华东地区
铜陵,华东地区
蚌埠,华东地区
马鞍山,华东地区
池州,华东地区
亳州,华东地区
滁州,华东地区
安庆,华东地区
黄山,华东地区
宣城,华东地区
芜湖,华东地区
六安,华东地区
淮南,华东地区
合肥,华东地区
宿州,华东地区
宁德,华东地区
福州,华东地区
龙岩,华东地区
莆田,华东地区
泉州,华东地区
三明,华东地区
厦门,华东地区
漳州,华东地区
南平,华东地区
景德镇,华东地区
九江,华东地区
抚州,华东地区
上饶,华东地区
新余,华东地区
赣州,华东地区
鹰潭,华东地区
南昌,华东地区
吉安,华东地区
萍乡,华东地区
宜春,华东地区
威海,华东地区
烟台,华东地区
滨州,华东地区
临沂,华东地区
莱芜,华东地区
淄博,华东地区
青岛,华东地区
聊城,华东地区
德州,华东地区
日照,华东地区
菏泽,华东地区
潍坊,华东地区
济南,华东地区
泰安,华东地区
东营,华东地区
济宁,华东地区
枣庄,华东地区
濮阳,华中地区
洛阳,华中地区
三门峡,华中地区
郑州,华中地区
许昌,华中地区
南阳,华中地区
漯河,华中地区
济源,华中地区
平顶山,华中地区
信阳,华中地区
焦作,华中地区
安阳,华中地区
驻马店,华中地区
商丘,华中地区
新乡,华中地区
鹤壁,华中地区
周口,华中地区
开封,华中地区
十堰,华中地区
宜昌,华中地区
孝感,华中地区
武汉,华中地区
恩施土家族苗族,华中地区
天门,华中地区
黄冈,华中地区
潜江,华中地区
襄阳,华中地区
荆门,华中地区
仙桃,华中地区
随州,华中地区
荆州,华中地区
咸宁,华中地区
黄石,华中地区
鄂州,华中地区
岳阳,华中地区
衡阳,华中地区
娄底,华中地区
湘潭,华中地区
益阳,华中地区
长沙,华中地区
常德,华中地区
怀化,华中地区
邵阳,华中地区
张家界,华中地区
湘西土家族苗族,华中地区
株洲,华中地区
永州,华中地区
郴州,华中地区
汕头,华南地区
佛山,华南地区
珠海,华南地区
江门,华南地区
湛江,华南地区
惠州,华南地区
肇庆,华南地区
汕尾,华南地区
茂名,华南地区
深圳,华南地区
阳江,华南地区
潮州,华南地区
韶关,华南地区
梅州,华南地区
河源,华南地区
清远,华南地区
东莞,华南地区
云浮,华南地区
揭阳,华南地区
广州,华南地区
中山,华南地区
琼海,华南地区
昌江黎族,华南地区
琼中黎族苗族,华南地区
东方,华南地区
白沙黎族,华南地区
文昌,华南地区
五指山,华南地区
保亭黎族苗族,华南地区
三沙,华南地区
陵水黎族,华南地区
三亚,华南地区
万宁,华南地区
乐东黎族,华南地区
儋州,华南地区
海口,华南地区
广元,西南地区
南充,西南地区
达州,西南地区
眉山,西南地区
德阳,西南地区
遂宁,西南地区
巴中,西南地区
广安,西南地区
资阳,西南地区
成都,西南地区
绵阳,西南地区
内江,西南地区
宜宾,西南地区
自贡,西南地区
雅安,西南地区
攀枝花,西南地区
乐山,西南地区
甘孜藏族,西南地区
泸州,西南地区
阿坝藏族羌族,西南地区
凉山彝族,西南地区
铜仁,西南地区
六盘水,西南地区
黔东南苗族侗族,西南地区
遵义,西南地区
黔南布依族苗族,西南地区
黔西南布依族苗族,西南地区
安顺,西南地区
毕节,西南地区
贵阳,西南地区
昭通,西南地区
曲靖,西南地区
红河哈尼族彝族,西南地区
丽江,西南地区
西双版纳傣族,西南地区
保山,西南地区
文山壮族苗族,西南地区
大理白族,西南地区
怒江傈僳族,西南地区
迪庆藏族,西南地区
玉溪,西南地区
普洱,西南地区
昆明,西南地区
楚雄彝族,西南地区
德宏傣族景颇族,西南地区
临沧,西南地区
商洛,西北地区
西安,西北地区
汉中,西北地区
安康,西北地区
榆林,西北地区
铜川,西北地区
咸阳,西北地区
宝鸡,西北地区
延安,西北地区
渭南,西北地区
兰州,西北地区
金昌,西北地区
嘉峪关,西北地区
酒泉,西北地区
平凉,西北地区
白银,西北地区
张掖,西北地区
甘南藏族,西北地区
临夏回族,西北地区
陇南,西北地区
天水,西北地区
武威,西北地区
定西,西北地区
庆阳,西北地区
海东,西北地区
海南藏族,西北地区
海西蒙古族藏族,西北地区
玉树藏族,西北地区
黄南藏族,西北地区
果洛藏族,西北地区
海北藏族,西北地区
西宁,西北地区
乌海,华北地区
巴彦淖尔,华北地区
呼伦贝尔,华北地区
鄂尔多斯,华北地区
包头,华北地区
呼和浩特,华北地区
通辽,华北地区
赤峰,华北地区
乌兰察布,华北地区
钦州,华南地区
桂林,华南地区
百色,华南地区
北海,华南地区
贵港,华南地区
河池,华南地区
柳州,华南地区
南宁,华南地区
来宾,华南地区
崇左,华南地区
贺州,华南地区
防城港,华南地区
梧州,华南地区
玉林,华南地区
昌都,西南地区
拉萨,西南地区
那曲,西南地区
日喀则,西南地区
山南,西南地区
林芝,西南地区
固原,西北地区
中卫,西北地区
银川,西北地区
石嘴山,西北地区
吴忠,西北地区
北屯,西北地区
双河,西北地区
铁门关,西北地区
博尔塔拉蒙古,西北地区
昆玉,西北地区
可克达拉,西北地区
石河子,西北地区
克拉玛依,西北地区
昌吉回族,西北地区
五家渠,西北地区
巴音郭楞蒙古,西北地区
阿拉尔,西北地区
图木舒克,西北地区
伊犁哈萨克,西北地区
乌鲁木齐,西北地区
克孜勒苏柯尔克孜,西北地区
哈密,西北地区
吐鲁番,西北地区
怀柔区,华北地区
延庆区,华北地区
密云区,华北地区
丰台区,华北地区
门头沟区,华北地区
顺义区,华北地区
朝阳区,华北地区
石景山区,华北地区
房山区,华北地区
东城区,华北地区
大兴区,华北地区
平谷区,华北地区
通州区,华北地区
昌平区,华北地区
海淀区,华北地区
西城区,华北地区
河西区,华北地区
河东区,华北地区
河北区,华北地区
和平区,华北地区
宝坻区,华北地区
津南区,华北地区
东丽区,华北地区
静海区,华北地区
宁河区,华北地区
蓟州区,华北地区
滨海新区,华北地区
北辰区,华北地区
武清区,华北地区
红桥区,华北地区
西青区,华北地区
南开区,华北地区
崇明区,华东地区
奉贤区,华东地区
浦东新区,华东地区
金山区,华东地区
宝山区,华东地区
黄浦区,华东地区
嘉定区,华东地区
徐汇区,华东地区
普陀区,华东地区
闵行区,华东地区
杨浦区,华东地区
青浦区,华东地区
松江区,华东地区
长宁区,华东地区
虹口区,华东地区
静安区,华东地区
城口县,西南地区
巫溪县,西南地区
奉节县,西南地区
丰都县,西南地区
彭水苗族土家族自治县,西南地区
垫江县,西南地区
秀山土家族苗族自治县,西南地区
云阳县,西南地区
巫山县,西南地区
酉阳土家族苗族自治县,西南地区
忠县,西南地区
石柱土家族自治县,西南地区
铜梁区,西南地区
潼南区,西南地区
合川区,西南地区
璧山区,西南地区
大足区,西南地区
长寿区,西南地区
荣昌区,西南地区
永川区,西南地区
大渡口区,西南地区
武隆区,西南地区
江北区,西南地区
渝中区,西南地区
万州区,西南地区
涪陵区,西南地区
九龙坡区,西南地区
渝北区,西南地区
南川区,西南地区
綦江区,西南地区
梁平区,西南地区
开州区,西南地区
黔江区,西南地区
江津区,西南地区
南岸区,西南地区
巴南区,西南地区
沙坪坝区,西南地区
北碚区,西南地区
内丘县,华北地区
柏乡县,华北地区
新河县,华北地区
隆尧县,华北地区
临城县,华北地区
南宫市,华北地区
宁晋县,华北地区
平乡县,华北地区
桥西区,华北地区
南和县,华北地区
沙河市,华北地区
临西县,华北地区
巨鹿县,华北地区
威县,华北地区
广宗县,华北地区
清河县,华北地区
任县,华北地区
桥东区,华北地区
邢台县,华北地区
广平县,华北地区
馆陶县,华北地区
武安市,华北地区
临漳县,华北地区
魏县,华北地区
肥乡区,华北地区
峰峰矿区,华北地区
涉县,华北地区
大名县,华北地区
邱县,华北地区
曲周县,华北地区
鸡泽县,华北地区
磁县,华北地区
丛台区,华北地区
复兴区,华北地区
永年区,华北地区
邯山区,华北地区
成安县,华北地区
滦南县,华北地区
乐亭县,华北地区
迁西县,华北地区
遵化市,华北地区
迁安市,华北地区
滦县,华北地区
曹妃甸区,华北地区
玉田县,华北地区
路南区,华北地区
丰南区,华北地区
路北区,华北地区
丰润区,华北地区
古冶区,华北地区
开平区,华北地区
围场满族蒙古族自治县,华北地区
宽城满族自治县,华北地区
隆化县,华北地区
鹰手营子矿区,华北地区
丰宁满族自治县,华北地区
平泉市,华北地区
兴隆县,华北地区
双滦区,华北地区
滦平县,华北地区
承德县,华北地区
双桥区,华北地区
阳原县,华北地区
沽源县,华北地区
怀安县,华北地区
蔚县,华北地区
崇礼区,华北地区
怀来县,华北地区
张北县,华北地区
康保县,华北地区
尚义县,华北地区
下花园区,华北地区
涿鹿县,华北地区
赤城县,华北地区
万全区,华北地区
宣化区,华北地区
大厂回族自治县,华北地区
霸州市,华北地区
大城县,华北地区
永清县,华北地区
香河县,华北地区
固安县,华北地区
文安县,华北地区
广阳区,华北地区
安次区,华北地区
三河市,华北地区
运河区,华北地区
任丘市,华北地区
孟村回族自治县,华北地区
新华区,华北地区
青县,华北地区
河间市,华北地区
海兴县,华北地区
盐山县,华北地区
南皮县,华北地区
东光县,华北地区
献县,华北地区
沧县,华北地区
肃宁县,华北地区
吴桥县,华北地区
黄骅市,华北地区
泊头市,华北地区
安平县,华北地区
枣强县,华北地区
武邑县,华北地区
武强县,华北地区
桃城区,华北地区
深州市,华北地区
饶阳县,华北地区
冀州区,华北地区
景县,华北地区
故城县,华北地区
阜城县,华北地区
卢龙县,华北地区
青龙满族自治县,华北地区
山海关区,华北地区
海港区,华北地区
北戴河区,华北地区
抚宁区,华北地区
昌黎县,华北地区
顺平县,华北地区
阜平县,华北地区
容城县,华北地区
涞源县,华北地区
安新县,华北地区
望都县,华北地区
高阳县,华北地区
雄县,华北地区
徐水区,华北地区
定兴县,华北地区
易县,华北地区
莲池区,华北地区
蠡县,华北地区
博野县,华北地区
竞秀区,华北地区
唐县,华北地区
涞水县,华北地区
涿州市,华北地区
高碑店市,华北地区
曲阳县,华北地区
满城区,华北地区
清苑区,华北地区
安国市,华北地区
定州市,华北地区
晋州市,华北地区
元氏县,华北地区
赵县,华北地区
灵寿县,华北地区
赞皇县,华北地区
无极县,华北地区
高邑县,华北地区
鹿泉区,华北地区
藁城区,华北地区
平山县,华北地区
行唐县,华北地区
正定县,华北地区
栾城区,华北地区
裕华区,华北地区
井陉县,华北地区
井陉矿区,华北地区
辛集市,华北地区
长安区,华北地区
新乐市,华北地区
深泽县,华北地区
平定县,华北地区
盂县,华北地区
郊区,华北地区
矿区,华北地区
城区,华北地区
万柏林区,华北地区
尖草坪区,华北地区
娄烦县,华北地区
晋源区,华北地区
阳曲县,华北地区
古交市,华北地区
清徐县,华北地区
杏花岭区,华北地区
小店区,华北地区
迎泽区,华北地区
隰县,华北地区
蒲县,华北地区
尧都区,华北地区
洪洞县,华北地区
大宁县,华北地区
安泽县,华北地区
汾西县,华北地区
古县,华北地区
吉县,华北地区
曲沃县,华北地区
浮山县,华北地区
襄汾县,华北地区
霍州市,华北地区
翼城县,华北地区
侯马市,华北地区
乡宁县,华北地区
永和县,华北地区
夏县,华北地区
临猗县,华北地区
盐湖区,华北地区
闻喜县,华北地区
平陆县,华北地区
永济市,华北地区
万荣县,华北地区
芮城县,华北地区
绛县,华北地区
垣曲县,华北地区
新绛县,华北地区
稷山县,华北地区
河津市,华北地区
黎城县,华北地区
潞城市,华北地区
长治县,华北地区
沁县,华北地区
壶关县,华北地区
长子县,华北地区
屯留县,华北地区
武乡县,华北地区
沁源县,华北地区
平顺县,华北地区
襄垣县,华北地区
平鲁区,华北地区
右玉县,华北地区
山阴县,华北地区
朔城区,华北地区
怀仁县,华北地区
应县,华北地区
五寨县,华北地区
代县,华北地区
宁武县,华北地区
忻府区,华北地区
河曲县,华北地区
偏关县,华北地区
原平市,华北地区
五台县,华北地区
岢岚县,华北地区
静乐县,华北地区
定襄县,华北地区
神池县,华北地区
保德县,华北地区
繁峙县,华北地区
广灵县,华北地区
阳高县,华北地区
新荣区,华北地区
灵丘县,华北地区
天镇县,华北地区
浑源县,华北地区
左云县,华北地区
南郊区,华北地区
大同县,华北地区
高平市,华北地区
泽州县,华北地区
陵川县,华北地区
沁水县,华北地区
阳城县,华北地区
平遥县,华北地区
昔阳县,华北地区
和顺县,华北地区
太谷县,华北地区
介休市,华北地区
左权县,华北地区
灵石县,华北地区
寿阳县,华北地区
榆社县,华北地区
榆次区,华北地区
祁县,华北地区
汾阳市,华北地区
离石区,华北地区
中阳县,华北地区
柳林县,华北地区
临县,华北地区
方山县,华北地区
岚县,华北地区
交口县,华北地区
孝义市,华北地区
石楼县,华北地区
交城县,华北地区
兴县,华北地区
文水县,华北地区
瓦房店市,东北地区
普兰店区,东北地区
金州区,东北地区
长海县,东北地区
中山区,东北地区
甘井子区,东北地区
庄河市,东北地区
旅顺口区,东北地区
西岗区,东北地区
沙河口区,东北地区
建昌县,东北地区
兴城市,东北地区
龙港区,东北地区
绥中县,东北地区
南票区,东北地区
连山区,东北地区
黑山县,东北地区
凌海市,东北地区
义县,东北地区
太和区,东北地区
北镇市,东北地区
凌河区,东北地区
古塔区,东北地区
振安区,东北地区
凤城市,东北地区
东港市,东北地区
振兴区,东北地区
元宝区,东北地区
宽甸满族自治县,东北地区
清原满族自治县,东北地区
新宾满族自治县,东北地区
东洲区,东北地区
望花区,东北地区
新抚区,东北地区
抚顺县,东北地区
顺城区,东北地区
新民市,东北地区
沈北新区,东北地区
浑南区,东北地区
辽中区,东北地区
于洪区,东北地区
皇姑区,东北地区
和平区,东北地区
铁西区,东北地区
苏家屯区,东北地区
康平县,东北地区
法库县,东北地区
大东区,东北地区
沈河区,东北地区
台安县,东北地区
岫岩满族自治县,东北地区
海城市,东北地区
铁东区,东北地区
立山区,东北地区
千山区,东北地区
调兵山市,东北地区
开原市,东北地区
清河区,东北地区
银州区,东北地区
西丰县,东北地区
铁岭县,东北地区
昌图县,东北地区
辽阳县,东北地区
白塔区,东北地区
弓长岭区,东北地区
文圣区,东北地区
宏伟区,东北地区
太子河区,东北地区
灯塔市,东北地区
兴隆台区,东北地区
大洼区,东北地区
盘山县,东北地区
双台子区,东北地区
鲅鱼圈区,东北地区
大石桥市,东北地区
西市区,东北地区
盖州市,东北地区
站前区,东北地区
老边区,东北地区
建平县,东北地区
北票市,东北地区
朝阳县,东北地区
双塔区,东北地区
龙城区,东北地区
凌源市,东北地区
喀喇沁左翼蒙古族自治县,东北地区
海州区,东北地区
细河区,东北地区
太平区,东北地区
清河门区,东北地区
阜新蒙古族自治县,东北地区
新邱区,东北地区
彰武县,东北地区
溪湖区,东北地区
桓仁满族自治县,东北地区
南芬区,东北地区
平山区,东北地区
明山区,东北地区
本溪满族自治县,东北地区
榆树市,东北地区
德惠市,东北地区
双阳区,东北地区
农安县,东北地区
朝阳区,东北地区
绿园区,东北地区
二道区,东北地区
九台区,东北地区
南关区,东北地区
宽城区,东北地区
西安区,东北地区
龙山区,东北地区
东辽县,东北地区
东丰县,东北地区
舒兰市,东北地区
船营区,东北地区
丰满区,东北地区
桦甸市,东北地区
昌邑区,东北地区
蛟河市,东北地区
龙潭区,东北地区
永吉县,东北地区
磐石市,东北地区
大安市,东北地区
洮南市,东北地区
通榆县,东北地区
洮北区,东北地区
镇赉县,东北地区
扶余市,东北地区
宁江区,东北地区
前郭尔罗斯蒙古族自治县,东北地区
乾安县,东北地区
长岭县,东北地区
双辽市,东北地区
公主岭市,东北地区
伊通满族自治县,东北地区
梨树县,东北地区
敦化市,东北地区
图们市,东北地区
珲春市,东北地区
和龙市,东北地区
汪清县,东北地区
延吉市,东北地区
龙井市,东北地区
安图县,东北地区
靖宇县,东北地区
长白朝鲜族自治县,东北地区
江源区,东北地区
抚松县,东北地区
浑江区,东北地区
临江市,东北地区
东昌区,东北地区
二道江区,东北地区
通化县,东北地区
柳河县,东北地区
梅河口市,东北地区
辉南县,东北地区
集安市,东北地区
漠河县,东北地区
呼玛县,东北地区
塔河县,东北地区
加格达奇区,东北地区
勃利县,东北地区
茄子河区,东北地区
新兴区,东北地区
桃山区,东北地区
让胡路区,东北地区
红岗区,东北地区
肇源县,东北地区
大同区,东北地区
林甸县,东北地区
杜尔伯特蒙古族自治县,东北地区
肇州县,东北地区
龙凤区,东北地区
萨尔图区,东北地区
萝北县,东北地区
绥滨县,东北地区
工农区,东北地区
向阳区,东北地区
东山区,东北地区
兴山区,东北地区
南山区,东北地区
兴安区,东北地区
乌伊岭区,东北地区
嘉荫县,东北地区
友好区,东北地区
红星区,东北地区
五营区,东北地区
汤旺河区,东北地区
新青区,东北地区
上甘岭区,东北地区
翠峦区,东北地区
美溪区,东北地区
乌马河区,东北地区
伊春区,东北地区
金山屯区,东北地区
铁力市,东北地区
西林区,东北地区
带岭区,东北地区
南岔区,东北地区
绥棱县,东北地区
海伦市,东北地区
庆安县,东北地区
北林区,东北地区
青冈县,东北地区
望奎县,东北地区
安达市,东北地区
明水县,东北地区
肇东市,东北地区
兰西县,东北地区
抚远市,东北地区
同江市,东北地区
桦川县,东北地区
桦南县,东北地区
汤原县,东北地区
富锦市,东北地区
东风区,东北地区
前进区,东北地区
郊区,东北地区
讷河市,东北地区
克山县,东北地区
甘南县,东北地区
克东县,东北地区
富裕县,东北地区
依安县,东北地区
梅里斯达斡尔族区,东北地区
龙江县,东北地区
碾子山区,东北地区
龙沙区,东北地区
富拉尔基区,东北地区
铁锋区,东北地区
昂昂溪区,东北地区
建华区,东北地区
泰来县,东北地区
拜泉县,东北地区
虎林市,东北地区
城子河区,东北地区
滴道区,东北地区
麻山区,东北地区
鸡冠区,东北地区
恒山区,东北地区
梨树区,东北地区
密山市,东北地区
鸡东县,东北地区
饶河县,东北地区
四方台区,东北地区
友谊县,东北地区
尖山区,东北地区
集贤县,东北地区
岭东区,东北地区
宝山区,东北地区
宝清县,东北地区
巴彦县,东北地区
依兰县,东北地区
通河县,东北地区
呼兰区,东北地区
木兰县,东北地区
方正县,东北地区
延寿县,东北地区
宾县,东北地区
双城区,东北地区
平房区,东北地区
尚志市,东北地区
香坊区,东北地区
道里区,东北地区
松北区,东北地区
五常市,东北地区
南岗区,东北地区
道外区,东北地区
阿城区,东北地区
逊克县,东北地区
孙吴县,东北地区
嫩江县,东北地区
爱辉区,东北地区
五大连池市,东北地区
北安市,东北地区
东安区,东北地区
爱民区,东北地区
绥芬河市,东北地区
东宁市,东北地区
宁安市,东北地区
穆棱市,东北地区
阳明区,东北地区
林口县,东北地区
海林市,东北地区
沭阳县,华东地区
泗阳县,华东地区
泗洪县,华东地区
宿城区,华东地区
宿豫区,华东地区
东海县,华东地区
连云区,华东地区
灌云县,华东地区
灌南县,华东地区
赣榆区,华东地区
海州区,华东地区
宝应县,华东地区
江都区,华东地区
广陵区,华东地区
邗江区,华东地区
高邮市,华东地区
仪征市,华东地区
浦口区,华东地区
雨花台区,华东地区
溧水区,华东地区
江宁区,华东地区
玄武区,华东地区
栖霞区,华东地区
秦淮区,华东地区
高淳区,华东地区
六合区,华东地区
建邺区,华东地区
鼓楼区,华东地区
如皋市,华东地区
海门市,华东地区
海安县,华东地区
启东市,华东地区
如东县,华东地区
通州区,华东地区
崇川区,华东地区
港闸区,华东地区
宜兴市,华东地区
惠山区,华东地区
江阴市,华东地区
梁溪区,华东地区
锡山区,华东地区
新吴区,华东地区
滨湖区,华东地区
扬中市,华东地区
丹阳市,华东地区
润州区,华东地区
句容市,华东地区
丹徒区,华东地区
京口区,华东地区
涟水县,华东地区
洪泽区,华东地区
金湖县,华东地区
淮安区,华东地区
淮阴区,华东地区
盱眙县,华东地区
清江浦区,华东地区
兴化市,华东地区
靖江市,华东地区
海陵区,华东地区
泰兴市,华东地区
高港区,华东地区
姜堰区,华东地区
丰县,华东地区
邳州市,华东地区
新沂市,华东地区
泉山区,华东地区
铜山区,华东地区
睢宁县,华东地区
贾汪区,华东地区
云龙区,华东地区
沛县,华东地区
张家港市,华东地区
虎丘区,华东地区
常熟市,华东地区
太仓市,华东地区
昆山市,华东地区
姑苏区,华东地区
相城区,华东地区
吴江区,华东地区
吴中区,华东地区
金坛区,华东地区
武进区,华东地区
钟楼区,华东地区
天宁区,华东地区
新北区,华东地区
溧阳市,华东地区
响水县,华东地区
滨海县,华东地区
射阳县,华东地区
阜宁县,华东地区
建湖县,华东地区
亭湖区,华东地区
盐都区,华东地区
大丰区,华东地区
东台市,华东地区
北仑区,华东地区
象山县,华东地区
镇海区,华东地区
江北区,华东地区
奉化区,华东地区
宁海县,华东地区
余姚市,华东地区
鄞州区,华东地区
海曙区,华东地区
慈溪市,华东地区
路桥区,华东地区
临海市,华东地区
椒江区,华东地区
三门县,华东地区
天台县,华东地区
温岭市,华东地区
玉环市,华东地区
黄岩区,华东地区
仙居县,华东地区
平湖市,华东地区
桐乡市,华东地区
海宁市,华东地区
秀洲区,华东地区
南湖区,华东地区
嘉善县,华东地区
海盐县,华东地区
定海区,华东地区
岱山县,华东地区
嵊泗县,华东地区
平阳县,华东地区
洞头区,华东地区
瑞安市,华东地区
苍南县,华东地区
鹿城区,华东地区
永嘉县,华东地区
泰顺县,华东地区
文成县,华东地区
乐清市,华东地区
龙湾区,华东地区
瓯海区,华东地区
衢江区,华东地区
柯城区,华东地区
常山县,华东地区
开化县,华东地区
龙游县,华东地区
江山市,华东地区
浦江县,华东地区
永康市,华东地区
武义县,华东地区
兰溪市,华东地区
东阳市,华东地区
婺城区,华东地区
磐安县,华东地区
金东区,华东地区
义乌市,华东地区
莲都区,华东地区
松阳县,华东地区
龙泉市,华东地区
遂昌县,华东地区
云和县,华东地区
缙云县,华东地区
景宁畲族自治县,华东地区
青田县,华东地区
庆元县,华东地区
富阳区,华东地区
桐庐县,华东地区
西湖区,华东地区
上城区,华东地区
建德市,华东地区
淳安县,华东地区
余杭区,华东地区
萧山区,华东地区
滨江区,华东地区
江干区,华东地区
下城区,华东地区
临安区,华东地区
拱墅区,华东地区
上虞区,华东地区
嵊州市,华东地区
新昌县,华东地区
越城区,华东地区
柯桥区,华东地区
诸暨市,华东地区
德清县,华东地区
长兴县,华东地区
吴兴区,华东地区
安吉县,华东地区
南浔区,华东地区
太和县,华东地区
临泉县,华东地区
颍泉区,华东地区
颍东区,华东地区
颍州区,华东地区
阜南县,华东地区
颍上县,华东地区
界首市,华东地区
杜集区,华东地区
相山区,华东地区
濉溪县,华东地区
烈山区,华东地区
枞阳县,华东地区
郊区,华东地区
铜官区,华东地区
义安区,华东地区
淮上区,华东地区
固镇县,华东地区
龙子湖区,华东地区
五河县,华东地区
怀远县,华东地区
禹会区,华东地区
蚌山区,华东地区
博望区,华东地区
当涂县,华东地区
花山区,华东地区
雨山区,华东地区
和县,华东地区
含山县,华东地区
青阳县,华东地区
东至县,华东地区
贵池区,华东地区
石台县,华东地区
涡阳县,华东地区
谯城区,华东地区
蒙城县,华东地区
利辛县,华东地区
明光市,华东地区
天长市,华东地区
全椒县,华东地区
凤阳县,华东地区
定远县,华东地区
来安县,华东地区
南谯区,华东地区
琅琊区,华东地区
潜山县,华东地区
岳西县,华东地区
桐城市,华东地区
太湖县,华东地区
迎江区,华东地区
宜秀区,华东地区
宿松县,华东地区
望江县,华东地区
大观区,华东地区
怀宁县,华东地区
黄山区,华东地区
黟县,华东地区
休宁县,华东地区
屯溪区,华东地区
祁门县,华东地区
徽州区,华东地区
歙县,华东地区
广德县,华东地区
泾县,华东地区
旌德县,华东地区
绩溪县,华东地区
宣州区,华东地区
郎溪县,华东地区
宁国市,华东地区
繁昌县,华东地区
无为县,华东地区
弋江区,华东地区
镜湖区,华东地区
南陵县,华东地区
鸠江区,华东地区
三山区,华东地区
芜湖县,华东地区
霍山县,华东地区
裕安区,华东地区
金寨县,华东地区
舒城县,华东地区
金安区,华东地区
叶集区,华东地区
霍邱县,华东地区
八公山区,华东地区
潘集区,华东地区
谢家集区,华东地区
凤台县,华东地区
大通区,华东地区
田家庵区,华东地区
寿县,华东地区
庐阳区,华东地区
肥东县,华东地区
庐江县,华东地区
瑶海区,华东地区
长丰县,华东地区
肥西县,华东地区
蜀山区,华东地区
包河区,华东地区
巢湖市,华东地区
砀山县,华东地区
埇桥区,华东地区
泗县,华东地区
灵璧县,华东地区
萧县,华东地区
寿宁县,华东地区
周宁县,华东地区
柘荣县,华东地区
福安市,华东地区
霞浦县,华东地区
屏南县,华东地区
蕉城区,华东地区
古田县,华东地区
福鼎市,华东地区
罗源县,华东地区
连江县,华东地区
闽清县,华东地区
闽侯县,华东地区
长乐区,华东地区
仓山区,华东地区
永泰县,华东地区
平潭县,华东地区
福清市,华东地区
台江区,华东地区
马尾区,华东地区
晋安区,华东地区
新罗区,华东地区
漳平市,华东地区
长汀县,华东地区
连城县,华东地区
武平县,华东地区
上杭县,华东地区
永定区,华东地区
城厢区,华东地区
仙游县,华东地区
秀屿区,华东地区
荔城区,华东地区
涵江区,华东地区
德化县,华东地区
永春县,华东地区
南安市,华东地区
洛江区,华东地区
安溪县,华东地区
泉港区,华东地区
丰泽区,华东地区
惠安县,华东地区
晋江市,华东地区
石狮市,华东地区
金门县,华东地区
鲤城区,华东地区
宁化县,华东地区
泰宁县,华东地区
大田县,华东地区
梅列区,华东地区
永安市,华东地区
三元区,华东地区
清流县,华东地区
沙县,华东地区
建宁县,华东地区
尤溪县,华东地区
将乐县,华东地区
明溪县,华东地区
同安区,华东地区
海沧区,华东地区
集美区,华东地区
湖里区,华东地区
思明区,华东地区
翔安区,华东地区
华安县,华东地区
南靖县,华东地区
长泰县,华东地区
云霄县,华东地区
平和县,华东地区
诏安县,华东地区
漳浦县,华东地区
龙海市,华东地区
东山县,华东地区
龙文区,华东地区
芗城区,华东地区
武夷山市,华东地区
浦城县,华东地区
松溪县,华东地区
光泽县,华东地区
建阳区,华东地区
邵武市,华东地区
建瓯市,华东地区
政和县,华东地区
顺昌县,华东地区
延平区,华东地区
乐平市,华东地区
昌江区,华东地区
浮梁县,华东地区
珠山区,华东地区
彭泽县,华东地区
武宁县,华东地区
柴桑区,华东地区
湖口县,华东地区
瑞昌市,华东地区
都昌县,华东地区
修水县,华东地区
庐山市,华东地区
濂溪区,华东地区
浔阳区,华东地区
德安县,华东地区
永修县,华东地区
共青城市,华东地区
东乡区,华东地区
金溪县,华东地区
资溪县,华东地区
南丰县,华东地区
南城县,华东地区
乐安县,华东地区
广昌县,华东地区
崇仁县,华东地区
宜黄县,华东地区
临川区,华东地区
黎川县,华东地区
德兴市,华东地区
铅山县,华东地区
鄱阳县,华东地区
婺源县,华东地区
信州区,华东地区
广信区,华东地区
广丰区,华东地区
弋阳县,华东地区
万年县,华东地区
余干县,华东地区
横峰县,华东地区
玉山县,华东地区
分宜县,华东地区
渝水区,华东地区
宁都县,华东地区
兴国县,华东地区
石城县,华东地区
于都县,华东地区
瑞金市,华东地区
上犹县,华东地区
会昌县,华东地区
崇义县,华东地区
安远县,华东地区
大余县,华东地区
信丰县,华东地区
寻乌县,华东地区
全南县,华东地区
定南县,华东地区
龙南县,华东地区
章贡区,华东地区
南康区,华东地区
赣县区,华东地区
贵溪市,华东地区
余江县,华东地区
月湖区,华东地区
安义县,华东地区
进贤县,华东地区
青云谱区,华东地区
南昌县,华东地区
青山湖区,华东地区
湾里区,华东地区
新建区,华东地区
东湖区,华东地区
吉水县,华东地区
遂川县,华东地区
永新县,华东地区
永丰县,华东地区
吉州区,华东地区
青原区,华东地区
吉安县,华东地区
万安县,华东地区
峡江县,华东地区
泰和县,华东地区
井冈山市,华东地区
新干县,华东地区
安福县,华东地区
湘东区,华东地区
安源区,华东地区
上栗县,华东地区
芦溪县,华东地区
莲花县,华东地区
上高县,华东地区
丰城市,华东地区
宜丰县,华东地区
靖安县,华东地区
高安市,华东地区
奉新县,华东地区
万载县,华东地区
铜鼓县,华东地区
袁州区,华东地区
樟树市,华东地区
环翠区,华东地区
荣成市,华东地区
文登区,华东地区
乳山市,华东地区
龙口市,华东地区
长岛县,华东地区
福山区,华东地区
芝罘区,华东地区
招远市,华东地区
栖霞市,华东地区
莱州市,华东地区
海阳市,华东地区
牟平区,华东地区
莱山区,华东地区
莱阳市,华东地区
蓬莱市,华东地区
沾化区,华东地区
滨城区,华东地区
邹平县,华东地区
博兴县,华东地区
无棣县,华东地区
阳信县,华东地区
惠民县,华东地区
蒙阴县,华东地区
沂水县,华东地区
平邑县,华东地区
兰山区,华东地区
沂南县,华东地区
费县,华东地区
郯城县,华东地区
兰陵县,华东地区
莒南县,华东地区
罗庄区,华东地区
临沭县,华东地区
河东区,华东地区
莱城区,华东地区
钢城区,华东地区
高青县,华东地区
张店区,华东地区
桓台县,华东地区
临淄区,华东地区
周村区,华东地区
淄川区,华东地区
沂源县,华东地区
博山区,华东地区
莱西市,华东地区
平度市,华东地区
即墨区,华东地区
崂山区,华东地区
城阳区,华东地区
李沧区,华东地区
黄岛区,华东地区
市南区,华东地区
胶州市,华东地区
市北区,华东地区
临清市,华东地区
茌平县,华东地区
冠县,华东地区
东昌府区,华东地区
东阿县,华东地区
高唐县,华东地区
莘县,华东地区
阳谷县,华东地区
宁津县,华东地区
陵城区,华东地区
乐陵市,华东地区
庆云县,华东地区
德城区,华东地区
临邑县,华东地区
武城县,华东地区
禹城市,华东地区
平原县,华东地区
夏津县,华东地区
齐河县,华东地区
五莲县,华东地区
岚山区,华东地区
莒县,华东地区
东港区,华东地区
牡丹区,华东地区
鄄城县,华东地区
定陶区,华东地区
东明县,华东地区
曹县,华东地区
成武县,华东地区
单县,华东地区
巨野县,华东地区
郓城县,华东地区
青州市,华东地区
奎文区,华东地区
潍城区,华东地区
昌乐县,华东地区
坊子区,华东地区
临朐县,华东地区
高密市,华东地区
安丘市,华东地区
诸城市,华东地区
寿光市,华东地区
寒亭区,华东地区
昌邑市,华东地区
商河县,华东地区
济阳县,华东地区
章丘区,华东地区
长清区,华东地区
市中区,华东地区
天桥区,华东地区
槐荫区,华东地区
平阴县,华东地区
历城区,华东地区
历下区,华东地区
岱岳区,华东地区
东平县,华东地区
新泰市,华东地区
泰山区,华东地区
肥城市,华东地区
宁阳县,华东地区
利津县,华东地区
广饶县,华东地区
东营区,华东地区
垦利区,华东地区
河口区,华东地区
梁山县,华东地区
曲阜市,华东地区
兖州区,华东地区
邹城市,华东地区
汶上县,华东地区
泗水县,华东地区
鱼台县,华东地区
金乡县,华东地区
任城区,华东地区
嘉祥县,华东地区
微山县,华东地区
薛城区,华东地区
山亭区,华东地区
峄城区,华东地区
台儿庄区,华东地区
滕州市,华东地区
清丰县,华中地区
南乐县,华中地区
台前县,华中地区
华龙区,华中地区
范县,华中地区
濮阳县,华中地区
新安县,华中地区
孟津县,华中地区
嵩县,华中地区
栾川县,华中地区
汝阳县,华中地区
涧西区,华中地区
伊川县,华中地区
吉利区,华中地区
宜阳县,华中地区
洛宁县,华中地区
偃师市,华中地区
瀍河回族区,华中地区
洛龙区,华中地区
老城区,华中地区
西工区,华中地区
湖滨区,华中地区
义马市,华中地区
渑池县,华中地区
卢氏县,华中地区
陕州区,华中地区
灵宝市,华中地区
登封市,华中地区
巩义市,华中地区
荥阳市,华中地区
上街区,华中地区
新郑市,华中地区
惠济区,华中地区
金水区,华中地区
中原区,华中地区
二七区,华中地区
新密市,华中地区
管城回族区,华中地区
中牟县,华中地区
建安区,华中地区
襄城县,华中地区
魏都区,华中地区
长葛市,华中地区
禹州市,华中地区
鄢陵县,华中地区
西峡县,华中地区
淅川县,华中地区
南召县,华中地区
卧龙区,华中地区
唐河县,华中地区
桐柏县,华中地区
社旗县,华中地区
方城县,华中地区
镇平县,华中地区
内乡县,华中地区
新野县,华中地区
邓州市,华中地区
宛城区,华中地区
郾城区,华中地区
临颍县,华中地区
召陵区,华中地区
舞阳县,华中地区
源汇区,华中地区
济源市坡头镇,华中地区
济源市梨林镇,华中地区
济源市思礼镇,华中地区
济源市大峪镇,华中地区
济源市五龙口镇,华中地区
济源市王屋镇,华中地区
济源市玉泉街道,华中地区
济源市轵城镇,华中地区
济源市济水街道,华中地区
济源市沁园街道,华中地区
济源市下冶镇,华中地区
济源市天坛街道,华中地区
济源市克井镇,华中地区
济源市邵原镇,华中地区
济源市北海街道,华中地区
济源市承留镇,华中地区
郏县,华中地区
宝丰县,华中地区
石龙区,华中地区
卫东区,华中地区
湛河区,华中地区
鲁山县,华中地区
舞钢市,华中地区
叶县,华中地区
新华区,华中地区
汝州市,华中地区
潢川县,华中地区
淮滨县,华中地区
光山县,华中地区
罗山县,华中地区
商城县,华中地区
浉河区,华中地区
固始县,华中地区
新县,华中地区
息县,华中地区
平桥区,华中地区
马村区,华中地区
解放区,华中地区
沁阳市,华中地区
温县,华中地区
孟州市,华中地区
山阳区,华中地区
博爱县,华中地区
武陟县,华中地区
修武县,华中地区
中站区,华中地区
殷都区,华中地区
内黄县,华中地区
龙安区,华中地区
汤阴县,华中地区
滑县,华中地区
文峰区,华中地区
北关区,华中地区
安阳县,华中地区
林州市,华中地区
上蔡县,华中地区
西平县,华中地区
汝南县,华中地区
平舆县,华中地区
新蔡县,华中地区
泌阳县,华中地区
遂平县,华中地区
驿城区,华中地区
确山县,华中地区
正阳县,华中地区
民权县,华中地区
宁陵县,华中地区
睢县,华中地区
睢阳区,华中地区
永城市,华中地区
夏邑县,华中地区
柘城县,华中地区
梁园区,华中地区
虞城县,华中地区
红旗区,华中地区
凤泉区,华中地区
辉县市,华中地区
获嘉县,华中地区
卫辉市,华中地区
延津县,华中地区
封丘县,华中地区
原阳县,华中地区
长垣县,华中地区
新乡县,华中地区
卫滨区,华中地区
牧野区,华中地区
淇滨区,华中地区
鹤山区,华中地区
浚县,华中地区
淇县,华中地区
山城区,华中地区
太康县,华中地区
鹿邑县,华中地区
西华县,华中地区
郸城县,华中地区
沈丘县,华中地区
项城市,华中地区
扶沟县,华中地区
淮阳县,华中地区
川汇区,华中地区
商水县,华中地区
兰考县,华中地区
祥符区,华中地区
鼓楼区,华中地区
顺河回族区,华中地区
禹王台区,华中地区
杞县,华中地区
龙亭区,华中地区
尉氏县,华中地区
通许县,华中地区
郧阳区,华中地区
丹江口市,华中地区
张湾区,华中地区
茅箭区,华中地区
竹溪县,华中地区
房县,华中地区
竹山县,华中地区
郧西县,华中地区
兴山县,华中地区
远安县,华中地区
夷陵区,华中地区
当阳市,华中地区
秭归县,华中地区
西陵区,华中地区
长阳土家族自治县,华中地区
点军区,华中地区
猇亭区,华中地区
枝江市,华中地区
伍家岗区,华中地区
宜都市,华中地区
五峰土家族自治县,华中地区
大悟县,华中地区
孝昌县,华中地区
安陆市,华中地区
云梦县,华中地区
应城市,华中地区
孝南区,华中地区
汉川市,华中地区
黄陂区,华中地区
新洲区,华中地区
东西湖区,华中地区
江岸区,华中地区
蔡甸区,华中地区
汉南区,华中地区
汉阳区,华中地区
硚口区,华中地区
江汉区,华中地区
江夏区,华中地区
青山区,华中地区
洪山区,华中地区
武昌区,华中地区
建始县,华中地区
利川市,华中地区
恩施市,华中地区
鹤峰县,华中地区
来凤县,华中地区
巴东县,华中地区
宣恩县,华中地区
咸丰县,华中地区
胡市镇,华中地区
多祥镇,华中地区
黄潭镇,华中地区
沉湖管委会,华中地区
横林镇,华中地区
马湾镇,华中地区
干驿镇,华中地区
蒋湖农场,华中地区
小板镇,华中地区
多宝镇,华中地区
岳口镇,华中地区
蒋场镇,华中地区
石家河镇,华中地区
彭市镇,华中地区
竟陵街道,华中地区
九真镇,华中地区
佛子山镇,华中地区
侨乡街道开发区,华中地区
麻洋镇,华中地区
杨林街道,华中地区
白茅湖农场,华中地区
汪场镇,华中地区
渔薪镇,华中地区
净潭乡,华中地区
卢市镇,华中地区
皂市镇,华中地区
拖市镇,华中地区
张港镇,华中地区
红安县,华中地区
英山县,华中地区
罗田县,华中地区
团风县,华中地区
浠水县,华中地区
麻城市,华中地区
蕲春县,华中地区
黄州区,华中地区
黄梅县,华中地区
武穴市,华中地区
积玉口镇,华中地区
广华街道,华中地区
泰丰街道,华中地区
潜江经济开发区,华中地区
周矶管理区,华中地区
周矶街道,华中地区
总口管理区,华中地区
高场街道,华中地区
王场镇,华中地区
运粮湖管理区,华中地区
园林街道,华中地区
白鹭湖管理区,华中地区
竹根滩镇,华中地区
渔洋镇,华中地区
熊口镇,华中地区
后湖管理区,华中地区
熊口管理区,华中地区
江汉石油管理局,华中地区
张金镇,华中地区
杨市街道,华中地区
老新镇,华中地区
龙湾镇,华中地区
浩口原种场,华中地区
浩口镇,华中地区
高石碑镇,华中地区
老河口市,华中地区
谷城县,华中地区
枣阳市,华中地区
南漳县,华中地区
宜城市,华中地区
襄州区,华中地区
保康县,华中地区
樊城区,华中地区
襄城区,华中地区
京山县,华中地区
东宝区,华中地区
钟祥市,华中地区
掇刀区,华中地区
沙洋县,华中地区
沙湖镇,华中地区
工业园区,华中地区
畜禽良种场,华中地区
豆河镇,华中地区
通海口镇,华中地区
胡场镇,华中地区
长倘口镇,华中地区
五湖渔场,华中地区
杨林尾镇,华中地区
干河街道,华中地区
西流河镇,华中地区
赵西垸林场,华中地区
九合垸原种场,华中地区
彭场镇,华中地区
沔城回族镇,华中地区
龙华山街道,华中地区
沙湖原种场,华中地区
陈场镇,华中地区
郭河镇,华中地区
排湖风景区,华中地区
郑场镇,华中地区
沙嘴街道,华中地区
张沟镇,华中地区
毛嘴镇,华中地区
三伏潭镇,华中地区
下谷坪土家族乡,华中地区
木鱼镇,华中地区
新华镇,华中地区
九湖镇,华中地区
宋洛乡,华中地区
松柏镇,华中地区
红坪镇,华中地区
阳日镇,华中地区
广水市,华中地区
曾都区,华中地区
随县,华中地区
荆州区,华中地区
江陵县,华中地区
监利县,华中地区
石首市,华中地区
洪湖市,华中地区
沙市区,华中地区
松滋市,华中地区
公安县,华中地区
嘉鱼县,华中地区
崇阳县,华中地区
通山县,华中地区
咸安区,华中地区
赤壁市,华中地区
通城县,华中地区
铁山区,华中地区
西塞山区,华中地区
下陆区,华中地区
阳新县,华中地区
大冶市,华中地区
黄石港区,华中地区
华容区,华中地区
梁子湖区,华中地区
鄂城区,华中地区
华容县,华中地区
岳阳楼区,华中地区
君山区,华中地区
云溪区,华中地区
汨罗市,华中地区
湘阴县,华中地区
岳阳县,华中地区
临湘市,华中地区
平江县,华中地区
衡山县,华中地区
衡东县,华中地区
南岳区,华中地区
衡阳县,华中地区
雁峰区,华中地区
珠晖区,华中地区
石鼓区,华中地区
祁东县,华中地区
衡南县,华中地区
耒阳市,华中地区
蒸湘区,华中地区
常宁市,华中地区
冷水江市,华中地区
新化县,华中地区
双峰县,华中地区
娄星区,华中地区
涟源市,华中地区
岳塘区,华中地区
湘潭县,华中地区
雨湖区,华中地区
韶山市,华中地区
湘乡市,华中地区
沅江市,华中地区
南县,华中地区
资阳区,华中地区
桃江县,华中地区
赫山区,华中地区
安化县,华中地区
芙蓉区,华中地区
开福区,华中地区
岳麓区,华中地区
长沙县,华中地区
天心区,华中地区
浏阳市,华中地区
雨花区,华中地区
宁乡市,华中地区
望城区,华中地区
临澧县,华中地区
石门县,华中地区
津市市,华中地区
澧县,华中地区
鼎城区,华中地区
武陵区,华中地区
汉寿县,华中地区
桃源县,华中地区
安乡县,华中地区
芷江侗族自治县,华中地区
洪江市,华中地区
通道侗族自治县,华中地区
沅陵县,华中地区
溆浦县,华中地区
辰溪县,华中地区
靖州苗族侗族自治县,华中地区
麻阳苗族自治县,华中地区
会同县,华中地区
新晃侗族自治县,华中地区
鹤城区,华中地区
中方县,华中地区
隆回县,华中地区
邵东县,华中地区
大祥区,华中地区
邵阳县,华中地区
北塔区,华中地区
绥宁县,华中地区
双清区,华中地区
新宁县,华中地区
城步苗族自治县,华中地区
新邵县,华中地区
武冈市,华中地区
洞口县,华中地区
武陵源区,华中地区
慈利县,华中地区
桑植县,华中地区
永定区,华中地区
永顺县,华中地区
花垣县,华中地区
保靖县,华中地区
吉首市,华中地区
古丈县,华中地区
泸溪县,华中地区
龙山县,华中地区
凤凰县,华中地区
荷塘区,华中地区
茶陵县,华中地区
攸县,华中地区
炎陵县,华中地区
天元区,华中地区
芦淞区,华中地区
株洲县,华中地区
石峰区,华中地区
醴陵市,华中地区
冷水滩区,华中地区
东安县,华中地区
祁阳县,华中地区
新田县,华中地区
零陵区,华中地区
宁远县,华中地区
道县,华中地区
蓝山县,华中地区
江华瑶族自治县,华中地区
江永县,华中地区
双牌县,华中地区
安仁县,华中地区
永兴县,华中地区
苏仙区,华中地区
资兴市,华中地区
桂东县,华中地区
汝城县,华中地区
嘉禾县,华中地区
北湖区,华中地区
临武县,华中地区
桂阳县,华中地区
宜章县,华中地区
南澳县,华南地区
澄海区,华南地区
濠江区,华南地区
潮阳区,华南地区
潮南区,华南地区
龙湖区,华南地区
金平区,华南地区
三水区,华南地区
高明区,华南地区
顺德区,华南地区
禅城区,华南地区
南海区,华南地区
香洲区,华南地区
斗门区,华南地区
金湾区,华南地区
澳门大学横琴校区(由澳门管辖),华南地区
鹤山市,华南地区
江海区,华南地区
开平市,华南地区
台山市,华南地区
恩平市,华南地区
新会区,华南地区
蓬江区,华南地区
吴川市,华南地区
廉江市,华南地区
雷州市,华南地区
徐闻县,华南地区
霞山区,华南地区
麻章区,华南地区
坡头区,华南地区
赤坎区,华南地区
遂溪县,华南地区
龙门县,华南地区
博罗县,华南地区
惠东县,华南地区
惠阳区,华南地区
惠城区,华南地区
怀集县,华南地区
封开县,华南地区
广宁县,华南地区
四会市,华南地区
德庆县,华南地区
鼎湖区,华南地区
端州区,华南地区
高要区,华南地区
陆河县,华南地区
陆丰市,华南地区
海丰县,华南地区
城区,华南地区
信宜市,华南地区
化州市,华南地区
高州市,华南地区
电白区,华南地区
茂南区,华南地区
宝安区,华南地区
南山区,华南地区
福田区,华南地区
盐田区,华南地区
罗湖区,华南地区
龙华区,华南地区
龙岗区,华南地区
坪山区,华南地区
阳春市,华南地区
江城区,华南地区
阳西县,华南地区
阳东区,华南地区
饶平县,华南地区
湘桥区,华南地区
潮安区,华南地区
仁化县,华南地区
南雄市,华南地区
曲江区,华南地区
浈江区,华南地区
始兴县,华南地区
乳源瑶族自治县,华南地区
武江区,华南地区
翁源县,华南地区
新丰县,华南地区
乐昌市,华南地区
平远县,华南地区
蕉岭县,华南地区
兴宁市,华南地区
五华县,华南地区
梅县区,华南地区
丰顺县,华南地区
大埔县,华南地区
梅江区,华南地区
龙川县,华南地区
和平县,华南地区
连平县,华南地区
东源县,华南地区
源城区,华南地区
紫金县,华南地区
连南瑶族自治县,华南地区
连州市,华南地区
连山壮族瑶族自治县,华南地区
英德市,华南地区
佛冈县,华南地区
阳山县,华南地区
清新区,华南地区
清城区,华南地区
常平镇,华南地区
莞城街道,华南地区
望牛墩镇,华南地区
大朗镇,华南地区
麻涌镇,华南地区
黄江镇,华南地区
凤岗镇,华南地区
樟木头镇,华南地区
东莞生态园,华南地区
松山湖管委会,华南地区
桥头镇,华南地区
石龙镇,华南地区
寮步镇,华南地区
高埗镇,华南地区
塘厦镇,华南地区
厚街镇,华南地区
谢岗镇,华南地区
虎门镇,华南地区
南城街道,华南地区
虎门港管委会,华南地区
横沥镇,华南地区
企石镇,华南地区
东坑镇,华南地区
东城街道,华南地区
石排镇,华南地区
洪梅镇,华南地区
沙田镇,华南地区
长安镇,华南地区
道滘镇,华南地区
大岭山镇,华南地区
清溪镇,华南地区
茶山镇,华南地区
中堂镇,华南地区
万江街道,华南地区
石碣镇,华南地区
罗定市,华南地区
郁南县,华南地区
新兴县,华南地区
云安区,华南地区
云城区,华南地区
揭西县,华南地区
普宁市,华南地区
惠来县,华南地区
揭东区,华南地区
榕城区,华南地区
从化区,华南地区
增城区,华南地区
南沙区,华南地区
花都区,华南地区
黄埔区,华南地区
白云区,华南地区
天河区,华南地区
海珠区,华南地区
荔湾区,华南地区
越秀区,华南地区
番禺区,华南地区
横栏镇,华南地区
三角镇,华南地区
五桂山街道,华南地区
东升镇,华南地区
神湾镇,华南地区
火炬开发区街道,华南地区
小榄镇,华南地区
南朗镇,华南地区
古镇镇,华南地区
民众镇,华南地区
港口镇,华南地区
三乡镇,华南地区
石岐区街道,华南地区
大涌镇,华南地区
南头镇,华南地区
黄圃镇,华南地区
东区街道,华南地区
阜沙镇,华南地区
板芙镇,华南地区
西区街道,华南地区
坦洲镇,华南地区
南区街道,华南地区
沙溪镇,华南地区
东凤镇,华南地区
国营中建农场,华南地区
屯城镇,华南地区
南吕镇,华南地区
坡心镇,华南地区
新兴镇,华南地区
国营中坤农场,华南地区
西昌镇,华南地区
枫木镇,华南地区
南坤镇,华南地区
乌坡镇,华南地区
嘉积镇,华南地区
会山镇,华南地区
国营东升农场,华南地区
国营东太农场,华南地区
彬村山华侨农场,华南地区
万泉镇,华南地区
大路镇,华南地区
潭门镇,华南地区
国营东红农场,华南地区
中原镇,华南地区
长坡镇,华南地区
龙江镇,华南地区
塔洋镇,华南地区
博鳌镇,华南地区
阳江镇,华南地区
石壁镇,华南地区
国营霸王岭林场,华南地区
十月田镇,华南地区
石碌镇,华南地区
海南矿业联合有限公司,华南地区
七叉镇,华南地区
乌烈镇,华南地区
叉河镇,华南地区
王下乡,华南地区
海尾镇,华南地区
国营红林农场,华南地区
昌化镇,华南地区
黄竹镇,华南地区
新竹镇,华南地区
国营中瑞农场,华南地区
富文镇,华南地区
岭口镇,华南地区
定城镇,华南地区
雷鸣镇,华南地区
翰林镇,华南地区
国营南海农场,华南地区
龙河镇,华南地区
国营金鸡岭农场,华南地区
龙湖镇,华南地区
龙门镇,华南地区
吊罗山乡,华南地区
国营加钗农场,华南地区
和平镇,华南地区
国营乌石农场,华南地区
什运乡,华南地区
湾岭镇,华南地区
国营阳江农场,华南地区
国营黎母山林业公司,华南地区
营根镇,华南地区
上安乡,华南地区
中平镇,华南地区
黎母山镇,华南地区
国营长征农场,华南地区
红毛镇,华南地区
长征镇,华南地区
南宝镇,华南地区
博厚镇,华南地区
和舍镇,华南地区
东英镇,华南地区
调楼镇,华南地区
波莲镇,华南地区
多文镇,华南地区
国营加来农场,华南地区
新盈镇,华南地区
临城镇,华南地区
皇桐镇,华南地区
国营红华农场,华南地区
东方华侨农场,华南地区
新龙镇,华南地区
江边乡,华南地区
国营广坝农场,华南地区
天安乡,华南地区
东河镇,华南地区
感城镇,华南地区
三家镇,华南地区
四更镇,华南地区
大田镇,华南地区
板桥镇,华南地区
八所镇,华南地区
七坊镇,华南地区
金波乡,华南地区
南开乡,华南地区
荣邦乡,华南地区
青松乡,华南地区
国营龙江农场,华南地区
邦溪镇,华南地区
元门乡,华南地区
国营白沙农场,华南地区
牙叉镇,华南地区
细水乡,华南地区
打安镇,华南地区
阜龙乡,华南地区
国营邦溪农场,华南地区
东阁镇,华南地区
国营罗豆农场,华南地区
文教镇,华南地区
会文镇,华南地区
锦山镇,华南地区
翁田镇,华南地区
东郊镇,华南地区
国营东路农场,华南地区
铺前镇,华南地区
龙楼镇,华南地区
冯坡镇,华南地区
国营南阳农场,华南地区
昌洒镇,华南地区
公坡镇,华南地区
蓬莱镇,华南地区
抱罗镇,华南地区
潭牛镇,华南地区
东路镇,华南地区
文城镇,华南地区
重兴镇,华南地区
南圣镇,华南地区
毛阳镇,华南地区
国营畅好农场,华南地区
番阳镇,华南地区
水满乡,华南地区
通什镇,华南地区
畅好乡,华南地区
毛道乡,华南地区
海南保亭热带作物研究所,华南地区
新政镇,华南地区
加茂镇,华南地区
国营新星农场,华南地区
保城镇,华南地区
国营金江农场,华南地区
南林乡,华南地区
国营三道农场,华南地区
毛感乡,华南地区
响水镇,华南地区
什玲镇,华南地区
三道镇,华南地区
六弓乡,华南地区
永发镇,华南地区
福山镇,华南地区
中兴镇,华南地区
金江镇,华南地区
老城镇,华南地区
文儒镇,华南地区
国营红岗农场,华南地区
瑞溪镇,华南地区
国营红光农场,华南地区
大丰镇,华南地区
加乐镇,华南地区
国营昆仑农场,华南地区
国营金安农场,华南地区
国营西达农场,华南地区
国营和岭农场,华南地区
仁兴镇,华南地区
西沙群岛,华南地区
南沙群岛,华南地区
中沙群岛的岛礁及其海域,华南地区
椰林镇,华南地区
黎安镇,华南地区
群英乡,华南地区
新村镇,华南地区
国营吊罗山林业公司,华南地区
本号镇,华南地区
光坡镇,华南地区
文罗镇,华南地区
国营南平农场,华南地区
隆广镇,华南地区
提蒙乡,华南地区
三才镇,华南地区
国营岭门农场,华南地区
英州镇,华南地区
崖州区,华南地区
天涯区,华南地区
海棠区,华南地区
吉阳区,华南地区
礼纪镇,华南地区
国营东兴农场,华南地区
后安镇,华南地区
国营东和农场,华南地区
万城镇,华南地区
和乐镇,华南地区
大茂镇,华南地区
山根镇,华南地区
龙滚镇,华南地区
兴隆华侨农场,华南地区
三更罗镇,华南地区
北大镇,华南地区
长丰镇,华南地区
地方国营六连林场,华南地区
国营新中农场,华南地区
南桥镇,华南地区
东澳镇,华南地区
国营山荣农场,华南地区
莺歌海镇,华南地区
国营乐光农场,华南地区
万冲镇,华南地区
利国镇,华南地区
国营保国农场,华南地区
抱由镇,华南地区
九所镇,华南地区
国营莺歌海盐场,华南地区
黄流镇,华南地区
大安镇,华南地区
佛罗镇,华南地区
尖峰镇,华南地区
千家镇,华南地区
志仲镇,华南地区
国营尖峰岭林业公司,华南地区
洋浦经济开发区,华南地区
光村镇,华南地区
兰洋镇,华南地区
海头镇,华南地区
和庆镇,华南地区
华南热作学院,华南地区
国营蓝洋农场,华南地区
中和镇,华南地区
王五镇,华南地区
木棠镇,华南地区
东成镇,华南地区
新州镇,华南地区
南丰镇,华南地区
排浦镇,华南地区
国营西培农场,华南地区
雅星镇,华南地区
国营八一农场,华南地区
国营西联农场,华南地区
白马井镇,华南地区
那大镇,华南地区
峨蔓镇,华南地区
大成镇,华南地区
三都镇,华南地区
美兰区,华南地区
琼山区,华南地区
秀英区,华南地区
朝天区,西南地区
昭化区,西南地区
剑阁县,西南地区
苍溪县,西南地区
旺苍县,西南地区
青川县,西南地区
利州区,西南地区
顺庆区,西南地区
嘉陵区,西南地区
南部县,西南地区
蓬安县,西南地区
营山县,西南地区
西充县,西南地区
仪陇县,西南地区
阆中市,西南地区
高坪区,西南地区
宣汉县,西南地区
大竹县,西南地区
达川区,西南地区
通川区,西南地区
渠县,西南地区
万源市,西南地区
开江县,西南地区
丹棱县,西南地区
仁寿县,西南地区
洪雅县,西南地区
青神县,西南地区
东坡区,西南地区
彭山区,西南地区
旌阳区,西南地区
中江县,西南地区
什邡市,西南地区
广汉市,西南地区
罗江区,西南地区
绵竹市,西南地区
船山区,西南地区
大英县,西南地区
蓬溪县,西南地区
射洪县,西南地区
安居区,西南地区
南江县,西南地区
通江县,西南地区
平昌县,西南地区
巴州区,西南地区
恩阳区,西南地区
邻水县,西南地区
武胜县,西南地区
广安区,西南地区
岳池县,西南地区
前锋区,西南地区
华蓥市,西南地区
雁江区,西南地区
乐至县,西南地区
安岳县,西南地区
彭州市,西南地区
都江堰市,西南地区
新都区,西南地区
青白江区,西南地区
简阳市,西南地区
蒲江县,西南地区
崇州市,西南地区
大邑县,西南地区
成华区,西南地区
金堂县,西南地区
邛崃市,西南地区
新津县,西南地区
龙泉驿区,西南地区
锦江区,西南地区
青羊区,西南地区
温江区,西南地区
金牛区,西南地区
郫都区,西南地区
武侯区,西南地区
双流区,西南地区
三台县,西南地区
梓潼县,西南地区
江油市,西南地区
游仙区,西南地区
安州区,西南地区
北川羌族自治县,西南地区
盐亭县,西南地区
涪城区,西南地区
平武县,西南地区
资中县,西南地区
威远县,西南地区
东兴区,西南地区
隆昌市,西南地区
市中区,西南地区
长宁县,西南地区
珙县,西南地区
翠屏区,西南地区
江安县,西南地区
南溪区,西南地区
高县,西南地区
筠连县,西南地区
兴文县,西南地区
屏山县,西南地区
宜宾县,西南地区
荣县,西南地区
贡井区,西南地区
沿滩区,西南地区
富顺县,西南地区
大安区,西南地区
自流井区,西南地区
宝兴县,西南地区
雨城区,西南地区
石棉县,西南地区
汉源县,西南地区
芦山县,西南地区
天全县,西南地区
荥经县,西南地区
名山区,西南地区
米易县,西南地区
西区,西南地区
东区,西南地区
仁和区,西南地区
盐边县,西南地区
五通桥区,西南地区
沙湾区,西南地区
井研县,西南地区
金口河区,西南地区
峨边彝族自治县,西南地区
犍为县,西南地区
夹江县,西南地区
沐川县,西南地区
马边彝族自治县,西南地区
峨眉山市,西南地区
甘孜县,西南地区
德格县,西南地区
石渠县,西南地区
炉霍县,西南地区
道孚县,西南地区
新龙县,西南地区
白玉县,西南地区
雅江县,西南地区
理塘县,西南地区
九龙县,西南地区
巴塘县,西南地区
康定市,西南地区
泸定县,西南地区
乡城县,西南地区
稻城县,西南地区
得荣县,西南地区
丹巴县,西南地区
色达县,西南地区
龙马潭区,西南地区
叙永县,西南地区
泸县,西南地区
纳溪区,西南地区
古蔺县,西南地区
江阳区,西南地区
合江县,西南地区
阿坝县,西南地区
九寨沟市,西南地区
红原县,西南地区
若尔盖县,西南地区
黑水县,西南地区
理县,西南地区
马尔康市,西南地区
汶川县,西南地区
金川县,西南地区
茂县,西南地区
松潘县,西南地区
壤塘县,西南地区
小金县,西南地区
木里藏族自治县,西南地区
喜德县,西南地区
西昌市,西南地区
会理县,西南地区
布拖县,西南地区
甘洛县,西南地区
美姑县,西南地区
昭觉县,西南地区
金阳县,西南地区
盐源县,西南地区
冕宁县,西南地区
越西县,西南地区
会东县,西南地区
普格县,西南地区
雷波县,西南地区
宁南县,西南地区
德昌县,西南地区
印江土家族苗族自治县,西南地区
玉屏侗族自治县,西南地区
石阡县,西南地区
碧江区,西南地区
思南县,西南地区
德江县,西南地区
沿河土家族自治县,西南地区
江口县,西南地区
万山区,西南地区
松桃苗族自治县,西南地区
钟山区,西南地区
六枝特区,西南地区
盘州市,西南地区
水城县,西南地区
三穗县,西南地区
锦屏县,西南地区
剑河县,西南地区
天柱县,西南地区
从江县,西南地区
雷山县,西南地区
黎平县,西南地区
榕江县,西南地区
施秉县,西南地区
镇远县,西南地区
凯里市,西南地区
丹寨县,西南地区
麻江县,西南地区
黄平县,西南地区
台江县,西南地区
岑巩县,西南地区
桐梓县,西南地区
湄潭县,西南地区
绥阳县,西南地区
余庆县,西南地区
红花岗区,西南地区
汇川区,西南地区
凤冈县,西南地区
务川仡佬族苗族自治县,西南地区
仁怀市,西南地区
播州区,西南地区
赤水市,西南地区
习水县,西南地区
正安县,西南地区
道真仡佬族苗族自治县,西南地区
都匀市,西南地区
惠水县,西南地区
平塘县,西南地区
独山县,西南地区
罗甸县,西南地区
荔波县,西南地区
长顺县,西南地区
龙里县,西南地区
贵定县,西南地区
三都水族自治县,西南地区
福泉市,西南地区
瓮安县,西南地区
兴仁县,西南地区
兴义市,西南地区
安龙县,西南地区
册亨县,西南地区
晴隆县,西南地区
普安县,西南地区
贞丰县,西南地区
望谟县,西南地区
西秀区,西南地区
普定县,西南地区
紫云苗族布依族自治县,西南地区
镇宁布依族苗族自治县,西南地区
关岭布依族苗族自治县,西南地区
平坝区,西南地区
七星关区,西南地区
大方县,西南地区
黔西县,西南地区
金沙县,西南地区
纳雍县,西南地区
织金县,西南地区
赫章县,西南地区
威宁彝族回族苗族自治县,西南地区
开阳县,西南地区
白云区,西南地区
乌当区,西南地区
观山湖区,西南地区
息烽县,西南地区
修文县,西南地区
清镇市,西南地区
花溪区,西南地区
南明区,西南地区
云岩区,西南地区
大关县,西南地区
水富县,西南地区
绥江县,西南地区
永善县,西南地区
威信县,西南地区
巧家县,西南地区
昭阳区,西南地区
镇雄县,西南地区
鲁甸县,西南地区
彝良县,西南地区
盐津县,西南地区
会泽县,西南地区
沾益区,西南地区
麒麟区,西南地区
马龙县,西南地区
罗平县,西南地区
陆良县,西南地区
师宗县,西南地区
富源县,西南地区
宣威市,西南地区
弥勒市,西南地区
泸西县,西南地区
建水县,西南地区
开远市,西南地区
石屏县,西南地区
个旧市,西南地区
屏边苗族自治县,西南地区
红河县,西南地区
元阳县,西南地区
蒙自市,西南地区
河口瑶族自治县,西南地区
绿春县,西南地区
金平苗族瑶族傣族自治县,西南地区
玉龙纳西族自治县,西南地区
宁蒗彝族自治县,西南地区
华坪县,西南地区
古城区,西南地区
永胜县,西南地区
景洪市,西南地区
勐腊县,西南地区
勐海县,西南地区
隆阳区,西南地区
腾冲市,西南地区
昌宁县,西南地区
施甸县,西南地区
龙陵县,西南地区
丘北县,西南地区
广南县,西南地区
文山市,西南地区
砚山县,西南地区
西畴县,西南地区
马关县,西南地区
麻栗坡县,西南地区
富宁县,西南地区
剑川县,西南地区
鹤庆县,西南地区
大理市,西南地区
洱源县,西南地区
宾川县,西南地区
云龙县,西南地区
祥云县,西南地区
漾濞彝族自治县,西南地区
巍山彝族回族自治县,西南地区
永平县,西南地区
弥渡县,西南地区
南涧彝族自治县,西南地区
贡山独龙族怒族自治县,西南地区
福贡县,西南地区
兰坪白族普米族自治县,西南地区
泸水市,西南地区
德钦县,西南地区
香格里拉市,西南地区
维西傈僳族自治县,西南地区
澄江县,西南地区
易门县,西南地区
峨山彝族自治县,西南地区
华宁县,西南地区
红塔区,西南地区
新平彝族傣族自治县,西南地区
元江哈尼族彝族傣族自治县,西南地区
江川区,西南地区
通海县,西南地区
景东彝族自治县,西南地区
景谷傣族彝族自治县,西南地区
镇沅彝族哈尼族拉祜族自治县,西南地区
墨江哈尼族自治县,西南地区
宁洱哈尼族彝族自治县,西南地区
澜沧拉祜族自治县,西南地区
西盟佤族自治县,西南地区
思茅区,西南地区
江城哈尼族彝族自治县,西南地区
孟连傣族拉祜族佤族自治县,西南地区
东川区,西南地区
寻甸回族彝族自治县,西南地区
西山区,西南地区
宜良县,西南地区
五华区,西南地区
石林彝族自治县,西南地区
呈贡区,西南地区
晋宁区,西南地区
禄劝彝族苗族自治县,西南地区
富民县,西南地区
安宁市,西南地区
官渡区,西南地区
嵩明县,西南地区
盘龙区,西南地区
元谋县,西南地区
姚安县,西南地区
牟定县,西南地区
大姚县,西南地区
南华县,西南地区
禄丰县,西南地区
楚雄市,西南地区
双柏县,西南地区
武定县,西南地区
永仁县,西南地区
盈江县,西南地区
梁河县,西南地区
芒市,西南地区
陇川县,西南地区
瑞丽市,西南地区
凤庆县,西南地区
云县,西南地区
镇康县,西南地区
临翔区,西南地区
永德县,西南地区
耿马傣族佤族自治县,西南地区
双江拉祜族佤族布朗族傣族自治县,西南地区
沧源佤族自治县,西南地区
柞水县,西北地区
洛南县,西北地区
商州区,西北地区
丹凤县,西北地区
商南县,西北地区
山阳县,西北地区
镇安县,西北地区
高陵区,西北地区
临潼区,西北地区
阎良区,西北地区
长安区,西北地区
鄠邑区,西北地区
蓝田县,西北地区
未央区,西北地区
碑林区,西北地区
莲湖区,西北地区
雁塔区,西北地区
周至县,西北地区
新城区,西北地区
灞桥区,西北地区
留坝县,西北地区
汉台区,西北地区
洋县,西北地区
城固县,西北地区
佛坪县,西北地区
勉县,西北地区
略阳县,西北地区
南郑区,西北地区
西乡县,西北地区
镇巴县,西北地区
宁强县,西北地区
宁陕县,西北地区
石泉县,西北地区
旬阳县,西北地区
汉滨区,西北地区
汉阴县,西北地区
紫阳县,西北地区
白河县,西北地区
平利县,西北地区
镇坪县,西北地区
岚皋县,西北地区
神木市,西北地区
榆阳区,西北地区
府谷县,西北地区
子洲县,西北地区
横山区,西北地区
佳县,西北地区
靖边县,西北地区
清涧县,西北地区
绥德县,西北地区
吴堡县,西北地区
米脂县,西北地区
定边县,西北地区
耀州区,西北地区
宜君县,西北地区
印台区,西北地区
王益区,西北地区
旬邑县,西北地区
长武县,西北地区
彬县,西北地区
永寿县,西北地区
淳化县,西北地区
乾县,西北地区
礼泉县,西北地区
三原县,西北地区
秦都区,西北地区
渭城区,西北地区
兴平市,西北地区
武功县,西北地区
杨陵区,西北地区
泾阳县,西北地区
陇县,西北地区
麟游县,西北地区
千阳县,西北地区
渭滨区,西北地区
金台区,西北地区
岐山县,西北地区
凤县,西北地区
眉县,西北地区
扶风县,西北地区
太白县,西北地区
陈仓区,西北地区
凤翔县,西北地区
吴起县,西北地区
子长县,西北地区
延长县,西北地区
宝塔区,西北地区
安塞区,西北地区
宜川县,西北地区
延川县,西北地区
志丹县,西北地区
甘泉县,西北地区
洛川县,西北地区
富县,西北地区
黄陵县,西北地区
黄龙县,西北地区
韩城市,西北地区
白水县,西北地区
富平县,西北地区
大荔县,西北地区
临渭区,西北地区
华州区,西北地区
华阴市,西北地区
潼关县,西北地区
合阳县,西北地区
澄城县,西北地区
蒲城县,西北地区
皋兰县,西北地区
红古区,西北地区
西固区,西北地区
永登县,西北地区
七里河区,西北地区
榆中县,西北地区
城关区,西北地区
安宁区,西北地区
金川区,西北地区
永昌县,西北地区
峪泉镇,西北地区
新城镇,西北地区
文殊镇,西北地区
雄关区,西北地区
镜铁区,西北地区
长城区,西北地区
玉门市,西北地区
敦煌市,西北地区
肃北蒙古族自治县,西北地区
肃州区,西北地区
金塔县,西北地区
阿克塞哈萨克族自治县,西北地区
瓜州县,西北地区
崆峒区,西北地区
灵台县,西北地区
庄浪县,西北地区
崇信县,西北地区
华亭县,西北地区
静宁县,西北地区
泾川县,西北地区
靖远县,西北地区
白银区,西北地区
平川区,西北地区
景泰县,西北地区
会宁县,西北地区
高台县,西北地区
肃南裕固族自治县,西北地区
临泽县,西北地区
甘州区,西北地区
山丹县,西北地区
民乐县,西北地区
舟曲县,西北地区
夏河县,西北地区
迭部县,西北地区
玛曲县,西北地区
碌曲县,西北地区
合作市,西北地区
临潭县,西北地区
卓尼县,西北地区
永靖县,西北地区
临夏县,西北地区
东乡族自治县,西北地区
广河县,西北地区
康乐县,西北地区
积石山保安族东乡族撒拉族自治县,西北地区
临夏市,西北地区
和政县,西北地区
成县,西北地区
武都区,西北地区
礼县,西北地区
徽县,西北地区
宕昌县,西北地区
两当县,西北地区
康县,西北地区
文县,西北地区
西和县,西北地区
张家川回族自治县,西北地区
武山县,西北地区
秦安县,西北地区
清水县,西北地区
麦积区,西北地区
秦州区,西北地区
甘谷县,西北地区
天祝藏族自治县,西北地区
古浪县,西北地区
凉州区,西北地区
民勤县,西北地区
临洮县,西北地区
陇西县,西北地区
漳县,西北地区
渭源县,西北地区
安定区,西北地区
岷县,西北地区
通渭县,西北地区
合水县,西北地区
庆城县,西北地区
华池县,西北地区
正宁县,西北地区
镇原县,西北地区
宁县,西北地区
环县,西北地区
西峰区,西北地区
化隆回族自治县,西北地区
循化撒拉族自治县,西北地区
平安区,西北地区
乐都区,西北地区
民和回族土族自治县,西北地区
互助土族自治县,西北地区
贵南县,西北地区
同德县,西北地区
兴海县,西北地区
贵德县,西北地区
共和县,西北地区
德令哈市,西北地区
格尔木市,西北地区
天峻县,西北地区
海西蒙古族藏族自治州直辖,西北地区
都兰县,西北地区
乌兰县,西北地区
曲麻莱县,西北地区
治多县,西北地区
称多县,西北地区
玉树市,西北地区
杂多县,西北地区
囊谦县,西北地区
尖扎县,西北地区
泽库县,西北地区
同仁县,西北地区
河南蒙古族自治县,西北地区
达日县,西北地区
久治县,西北地区
甘德县,西北地区
玛沁县,西北地区
班玛县,西北地区
玛多县,西北地区
海晏县,西北地区
门源回族自治县,西北地区
祁连县,西北地区
刚察县,西北地区
大通回族土族自治县,西北地区
湟源县,西北地区
城东区,西北地区
城西区,西北地区
城中区,西北地区
湟中县,西北地区
城北区,西北地区
乌达区,华北地区
海勃湾区,华北地区
海南区,华北地区
乌拉特中旗,华北地区
五原县,华北地区
临河区,华北地区
磴口县,华北地区
杭锦后旗,华北地区
乌拉特后旗,华北地区
乌拉特前旗,华北地区
额尔古纳市,华北地区
海拉尔区,华北地区
陈巴尔虎旗,华北地区
阿荣旗,华北地区
鄂温克族自治旗,华北地区
根河市,华北地区
牙克石市,华北地区
扎兰屯市,华北地区
莫力达瓦达斡尔族自治旗,华北地区
满洲里市,华北地区
新巴尔虎左旗,华北地区
扎赉诺尔区,华北地区
新巴尔虎右旗,华北地区
鄂伦春自治旗,华北地区
准格尔旗,华北地区
鄂托克旗,华北地区
杭锦旗,华北地区
达拉特旗,华北地区
乌审旗,华北地区
鄂托克前旗,华北地区
康巴什区,华北地区
东胜区,华北地区
伊金霍洛旗,华北地区
土默特右旗,华北地区
达尔罕茂明安联合旗,华北地区
白云鄂博矿区,华北地区
东河区,华北地区
九原区,华北地区
固阳县,华北地区
昆都仑区,华北地区
石拐区,华北地区
青山区,华北地区
和林格尔县,华北地区
玉泉区,华北地区
清水河县,华北地区
回民区,华北地区
托克托县,华北地区
武川县,华北地区
土默特左旗,华北地区
新城区,华北地区
赛罕区,华北地区
霍林郭勒市,华北地区
扎鲁特旗,华北地区
科尔沁左翼中旗,华北地区
科尔沁区,华北地区
奈曼旗,华北地区
开鲁县,华北地区
库伦旗,华北地区
科尔沁左翼后旗,华北地区
阿鲁科尔沁旗,华北地区
林西县,华北地区
巴林左旗,华北地区
巴林右旗,华北地区
克什克腾旗,华北地区
翁牛特旗,华北地区
松山区,华北地区
宁城县,华北地区
红山区,华北地区
元宝山区,华北地区
喀喇沁旗,华北地区
敖汉旗,华北地区
额济纳旗,华北地区
阿拉善右旗,华北地区
阿拉善左旗,华北地区
阿尔山市,华北地区
扎赉特旗,华北地区
突泉县,华北地区
科尔沁右翼中旗,华北地区
乌兰浩特市,华北地区
科尔沁右翼前旗,华北地区
东乌珠穆沁旗,华北地区
阿巴嘎旗,华北地区
西乌珠穆沁旗,华北地区
锡林浩特市,华北地区
苏尼特左旗,华北地区
苏尼特右旗,华北地区
二连浩特市,华北地区
镶黄旗,华北地区
正蓝旗,华北地区
正镶白旗,华北地区
多伦县,华北地区
太仆寺旗,华北地区
四子王旗,华北地区
察哈尔右翼后旗,华北地区
商都县,华北地区
察哈尔右翼中旗,华北地区
化德县,华北地区
兴和县,华北地区
卓资县,华北地区
凉城县,华北地区
丰镇市,华北地区
集宁区,华北地区
察哈尔右翼前旗,华北地区
钦南区,华南地区
灵山县,华南地区
浦北县,华南地区
钦北区,华南地区
七星区,华南地区
临桂区,华南地区
叠彩区,华南地区
兴安县,华南地区
资源县,华南地区
阳朔县,华南地区
灵川县,华南地区
恭城瑶族自治县,华南地区
荔浦县,华南地区
雁山区,华南地区
永福县,华南地区
平乐县,华南地区
龙胜各族自治县,华南地区
秀峰区,华南地区
象山区,华南地区
灌阳县,华南地区
全州县,华南地区
乐业县,华南地区
隆林各族自治县,华南地区
西林县,华南地区
凌云县,华南地区
田东县,华南地区
平果县,华南地区
右江区,华南地区
德保县,华南地区
田阳区,华南地区
靖西市,华南地区
田林县,华南地区
那坡县,华南地区
合浦县,华南地区
海城区,华南地区
银海区,华南地区
铁山港区,华南地区
平南县,华南地区
桂平市,华南地区
覃塘区,华南地区
港南区,华南地区
港北区,华南地区
环江毛南族自治县,华南地区
金城江区,华南地区
罗城仫佬族自治县,华南地区
天峨县,华南地区
宜州区,华南地区
凤山县,华南地区
南丹县,华南地区
大化瑶族自治县,华南地区
巴马瑶族自治县,华南地区
都安瑶族自治县,华南地区
东兰县,华南地区
融安县,华南地区
融水苗族自治县,华南地区
三江侗族自治县,华南地区
城中区,华南地区
柳北区,华南地区
鹿寨县,华南地区
柳城县,华南地区
鱼峰区,华南地区
柳江区,华南地区
柳南区,华南地区
上林县,华南地区
马山县,华南地区
横县,华南地区
西乡塘区,华南地区
江南区,华南地区
隆安县,华南地区
武鸣区,华南地区
兴宁区,华南地区
宾阳县,华南地区
邕宁区,华南地区
良庆区,华南地区
青秀区,华南地区
兴宾区,华南地区
象州县,华南地区
忻城县,华南地区
金秀瑶族自治县,华南地区
武宣县,华南地区
合山市,华南地区
扶绥县,华南地区
宁明县,华南地区
凭祥市,华南地区
江州区,华南地区
大新县,华南地区
天等县,华南地区
龙州县,华南地区
富川瑶族自治县,华南地区
昭平县,华南地区
八步区,华南地区
钟山县,华南地区
平桂区,华南地区
上思县,华南地区
防城区,华南地区
港口区,华南地区
东兴市,华南地区
蒙山县,华南地区
藤县,华南地区
岑溪市,华南地区
万秀区,华南地区
龙圩区,华南地区
长洲区,华南地区
苍梧县,华南地区
兴业县,华南地区
福绵区,华南地区
玉州区,华南地区
博白县,华南地区
陆川县,华南地区
容县,华南地区
北流市,华南地区
江达县,西南地区
卡若区,西南地区
丁青县,西南地区
类乌齐县,西南地区
边坝县,西南地区
洛隆县,西南地区
八宿县,西南地区
贡觉县,西南地区
察雅县,西南地区
芒康县,西南地区
左贡县,西南地区
当雄县,西南地区
墨竹工卡县,西南地区
林周县,西南地区
堆龙德庆区,西南地区
城关区,西南地区
尼木县,西南地区
达孜区,西南地区
曲水县,西南地区
聂荣县,西南地区
巴青县,西南地区
安多县,西南地区
班戈县,西南地区
比如县,西南地区
申扎县,西南地区
索县,西南地区
色尼区,西南地区
嘉黎县,西南地区
尼玛县,西南地区
双湖县,西南地区
仲巴县,西南地区
昂仁县,西南地区
谢通门县,西南地区
南木林县,西南地区
萨嘎县,西南地区
桑珠孜区,西南地区
拉孜县,西南地区
吉隆县,西南地区
仁布县,西南地区
萨迦县,西南地区
白朗县,西南地区
定日县,西南地区
江孜县,西南地区
聂拉木县,西南地区
康马县,西南地区
岗巴县,西南地区
定结县,西南地区
亚东县,西南地区
桑日县,西南地区
加查县,西南地区
乃东区,西南地区
贡嘎县,西南地区
扎囊县,西南地区
浪卡子县,西南地区
隆子县,西南地区
琼结县,西南地区
曲松县,西南地区
措美县,西南地区
洛扎县,西南地区
错那县,西南地区
波密县,西南地区
工布江达县,西南地区
巴宜区,西南地区
墨脱县,西南地区
米林县,西南地区
察隅县,西南地区
朗县,西南地区
札达县,西南地区
改则县,西南地区
措勤县,西南地区
普兰县,西南地区
噶尔县,西南地区
日土县,西南地区
革吉县,西南地区
泾源县,西北地区
隆德县,西北地区
原州区,西北地区
彭阳县,西北地区
西吉县,西北地区
海原县,西北地区
沙坡头区,西北地区
中宁县,西北地区
贺兰县,西北地区
西夏区,西北地区
兴庆区,西北地区
金凤区,西北地区
永宁县,西北地区
灵武市,西北地区
平罗县,西北地区
大武口区,西北地区
惠农区,西北地区
同心县,西北地区
盐池县,西北地区
利通区,西北地区
红寺堡区,西北地区
青铜峡市,西北地区
北屯镇,西北地区
兵团一八八团,西北地区
兵团一八三团,西北地区
兵团一八七团,西北地区
兵团八十九团,西北地区
兵团八十六团,西北地区
兵团八十四团,西北地区
兵团九十团,西北地区
兵团八十一团,西北地区
兵团二十九团,西北地区
农二师三十团,西北地区
温泉县,西北地区
阿拉山口市,西北地区
博乐市,西北地区
精河县,西北地区
民丰县,西北地区
于田县,西北地区
和田市,西北地区
洛浦县,西北地区
皮山县,西北地区
和田县,西北地区
墨玉县,西北地区
策勒县,西北地区
塔城市,西北地区
托里县,西北地区
和布克赛尔蒙古自治县,西北地区
裕民县,西北地区
额敏县,西北地区
乌苏市,西北地区
沙湾县,西北地区
乌尔其乡,西北地区
普恰克其乡,西北地区
兵团皮山农场,西北地区
兵团二二四团,西北地区
兵团四十七团,西北地区
博斯坦乡,西北地区
喀拉喀什镇,西北地区
阔依其乡,西北地区
兵团一牧场,西北地区
乌鲁克萨依乡,西北地区
奴尔乡,西北地区
兵团六十八团,西北地区
都拉塔口岸,西北地区
兵团六十六团,西北地区
兵团六十三团,西北地区
兵团六十七团,西北地区
兵团六十四团,西北地区
兵团一五二团,西北地区
向阳街道,西北地区
红山街道,西北地区
东城街道,西北地区
石河子乡,西北地区
老街街道,西北地区
北泉镇,西北地区
新城街道,西北地区
哈巴河县,西北地区
吉木乃县,西北地区
布尔津县,西北地区
富蕴县,西北地区
青河县,西北地区
阿勒泰市,西北地区
福海县,西北地区
乌尔禾区,西北地区
克拉玛依区,西北地区
白碱滩区,西北地区
独山子区,西北地区
奇台县,西北地区
木垒哈萨克自治县,西北地区
玛纳斯县,西北地区
呼图壁县,西北地区
阜康市,西北地区
昌吉市,西北地区
吉木萨尔县,西北地区
兵团一零二团,西北地区
军垦路街道,西北地区
人民路街道,西北地区
兵团一零一团,西北地区
兵团一零三团,西北地区
青湖路街道,西北地区
和硕县,西北地区
和静县,西北地区
尉犁县,西北地区
若羌县,西北地区
博湖县,西北地区
焉耆回族自治县,西北地区
且末县,西北地区
库尔勒市,西北地区
轮台县,西北地区
阿拉尔农场,西北地区
幸福路街道,西北地区
兵团第一师幸福农场,西北地区
工业园区,西北地区
兵团七团,西北地区
兵团十一团,西北地区
兵团第一师水利水电工程处,西北地区
青松路街道,西北地区
托喀依乡,西北地区
兵团八团,西北地区
中心监狱,西北地区
兵团第一师塔里木灌区水利管理处,西北地区
兵团十四团,西北地区
兵团十二团,西北地区
兵团十三团,西北地区
金银川路街道,西北地区
兵团十六团,西北地区
兵团十团,西北地区
南口街道,西北地区
兵团四十九团,西北地区
兵团图木舒克市永安坝,西北地区
兵团五十一团,西北地区
前海街道,西北地区
兵团图木舒克市喀拉拜勒镇,西北地区
永安坝街道,西北地区
齐干却勒街道,西北地区
兵团五十团,西北地区
兵团五十三团,西北地区
兵团四十四团,西北地区
疏勒县,西北地区
伽师县,西北地区
麦盖提县,西北地区
叶城县,西北地区
塔什库尔干塔吉克自治县,西北地区
岳普湖县,西北地区
泽普县,西北地区
莎车县,西北地区
巴楚县,西北地区
英吉沙县,西北地区
疏附县,西北地区
喀什市,西北地区
奎屯市,西北地区
尼勒克县,西北地区
巩留县,西北地区
伊宁县,西北地区
特克斯县,西北地区
新源县,西北地区
昭苏县,西北地区
察布查尔锡伯自治县,西北地区
伊宁市,西北地区
霍城县,西北地区
霍尔果斯市,西北地区
乌鲁木齐县,西北地区
达坂城区,西北地区
天山区,西北地区
沙依巴克区,西北地区
头屯河区,西北地区
新市区,西北地区
米东区,西北地区
水磨沟区,西北地区
沙雅县,西北地区
温宿县,西北地区
拜城县,西北地区
新和县,西北地区
库车县,西北地区
阿克苏市,西北地区
柯坪县,西北地区
阿瓦提县,西北地区
乌什县,西北地区
阿图什市,西北地区
乌恰县,西北地区
阿合奇县,西北地区
阿克陶县,西北地区
伊吾县,西北地区
巴里坤哈萨克自治县,西北地区
伊州区,西北地区
高昌区,西北地区
鄯善县,西北地区
托克逊县,西北地区
怀柔,华北地区
延庆,华北地区
密云,华北地区
丰台,华北地区
门头沟,华北地区
顺义,华北地区
朝阳,华北地区
石景山,华北地区
房山,华北地区
东城,华北地区
大兴,华北地区
平谷,华北地区
通州,华北地区
昌平,华北地区
海淀,华北地区
西城,华北地区
河西,华北地区
河东,华北地区
和平,华北地区
宝坻,华北地区
津南,华北地区
东丽,华北地区
静海,华北地区
宁河,华北地区
蓟州,华北地区
滨海,华北地区
北辰,华北地区
武清,华北地区
红桥,华北地区
西青,华北地区
南开,华北地区
崇明,华东地区
奉贤,华东地区
浦东,华东地区
金山,华东地区
宝山,华东地区
黄浦,华东地区
嘉定,华东地区
徐汇,华东地区
普陀,华东地区
闵行,华东地区
杨浦,华东地区
青浦,华东地区
松江,华东地区
长宁,华东地区
虹口,华东地区
静安,华东地区
城口,西南地区
巫溪,西南地区
奉节,西南地区
丰都,西南地区
彭水苗族土家族,西南地区
垫江,西南地区
秀山土家族苗族,西南地区
云阳,西南地区
巫山,西南地区
酉阳土家族苗族,西南地区
石柱土家族,西南地区
铜梁,西南地区
潼南,西南地区
合川,西南地区
璧山,西南地区
大足,西南地区
长寿,西南地区
荣昌,西南地区
永川,西南地区
大渡口,西南地区
武隆,西南地区
江北,西南地区
渝中,西南地区
万州,西南地区
涪陵,西南地区
九龙坡,西南地区
渝北,西南地区
南川,西南地区
綦江,西南地区
梁平,西南地区
开州,西南地区
黔江,西南地区
江津,西南地区
南岸,西南地区
巴南,西南地区
沙坪坝,西南地区
北碚,西南地区
内丘,华北地区
柏乡,华北地区
新河,华北地区
隆尧,华北地区
临城,华北地区
南宫,华北地区
宁晋,华北地区
平乡,华北地区
桥西,华北地区
南和,华北地区
沙河,华北地区
临西,华北地区
巨鹿,华北地区
广宗,华北地区
清河,华北地区
桥东,华北地区
广平,华北地区
馆陶,华北地区
武安,华北地区
临漳,华北地区
肥乡,华北地区
峰峰矿,华北地区
大名,华北地区
曲周,华北地区
鸡泽,华北地区
丛台,华北地区
复兴,华北地区
永年,华北地区
邯山,华北地区
成安,华北地区
滦南,华北地区
乐亭,华北地区
迁西,华北地区
遵化,华北地区
迁安,华北地区
曹妃甸,华北地区
玉田,华北地区
路南,华北地区
丰南,华北地区
路北,华北地区
丰润,华北地区
古冶,华北地区
开平,华北地区
围场满族蒙古族,华北地区
宽城满族,华北地区
隆化,华北地区
鹰手营子矿,华北地区
丰宁满族,华北地区
平泉,华北地区
兴隆,华北地区
双滦,华北地区
滦平,华北地区
双桥,华北地区
阳原,华北地区
沽源,华北地区
怀安,华北地区
崇礼,华北地区
怀来,华北地区
张北,华北地区
康保,华北地区
尚义,华北地区
下花园,华北地区
涿鹿,华北地区
赤城,华北地区
万全,华北地区
宣化,华北地区
大厂回族,华北地区
霸州,华北地区
大城,华北地区
永清,华北地区
香河,华北地区
固安,华北地区
文安,华北地区
广阳,华北地区
安次,华北地区
三河,华北地区
运河,华北地区
任丘,华北地区
孟村回族,华北地区
新华,华北地区
河间,华北地区
海兴,华北地区
盐山,华北地区
南皮,华北地区
东光,华北地区
肃宁,华北地区
吴桥,华北地区
黄骅,华北地区
泊头,华北地区
安平,华北地区
枣强,华北地区
武邑,华北地区
武强,华北地区
桃城,华北地区
深州,华北地区
饶阳,华北地区
冀州,华北地区
故城,华北地区
阜城,华北地区
卢龙,华北地区
青龙满族,华北地区
山海关,华北地区
海港,华北地区
北戴河,华北地区
抚宁,华北地区
昌黎,华北地区
顺平,华北地区
阜平,华北地区
容城,华北地区
涞源,华北地区
安新,华北地区
望都,华北地区
高阳,华北地区
徐水,华北地区
定兴,华北地区
莲池,华北地区
博野,华北地区
竞秀,华北地区
涞水,华北地区
涿州,华北地区
高碑店,华北地区
曲阳,华北地区
满城,华北地区
清苑,华北地区
安国,华北地区
定州,华北地区
晋州,华北地区
元氏,华北地区
灵寿,华北地区
赞皇,华北地区
无极,华北地区
高邑,华北地区
鹿泉,华北地区
藁城,华北地区
平山,华北地区
行唐,华北地区
正定,华北地区
栾城,华北地区
裕华,华北地区
井陉,华北地区
井陉矿,华北地区
辛集,华北地区
长安,华北地区
新乐,华北地区
深泽,华北地区
平定,华北地区
万柏林,华北地区
尖草坪,华北地区
娄烦,华北地区
晋源,华北地区
阳曲,华北地区
古交,华北地区
清徐,华北地区
杏花岭,华北地区
小店,华北地区
迎泽,华北地区
尧都,华北地区
洪洞,华北地区
大宁,华北地区
安泽,华北地区
汾西,华北地区
曲沃,华北地区
浮山,华北地区
襄汾,华北地区
霍州,华北地区
翼城,华北地区
侯马,华北地区
乡宁,华北地区
永和,华北地区
临猗,华北地区
盐湖,华北地区
闻喜,华北地区
平陆,华北地区
永济,华北地区
万荣,华北地区
芮城,华北地区
垣曲,华北地区
新绛,华北地区
稷山,华北地区
河津,华北地区
黎城,华北地区
潞城,华北地区
壶关,华北地区
长子,华北地区
屯留,华北地区
武乡,华北地区
沁源,华北地区
平顺,华北地区
襄垣,华北地区
平鲁,华北地区
右玉,华北地区
山阴,华北地区
朔城,华北地区
怀仁,华北地区
五寨,华北地区
宁武,华北地区
忻府,华北地区
河曲,华北地区
偏关,华北地区
原平,华北地区
五台,华北地区
岢岚,华北地区
静乐,华北地区
定襄,华北地区
神池,华北地区
保德,华北地区
繁峙,华北地区
广灵,华北地区
阳高,华北地区
新荣,华北地区
灵丘,华北地区
浑源,华北地区
左云,华北地区
南郊,华北地区
高平,华北地区
泽州,华北地区
陵川,华北地区
沁水,华北地区
阳城,华北地区
平遥,华北地区
昔阳,华北地区
和顺,华北地区
太谷,华北地区
介休,华北地区
左权,华北地区
灵石,华北地区
寿阳,华北地区
榆社,华北地区
榆次,华北地区
汾阳,华北地区
离石,华北地区
中阳,华北地区
柳林,华北地区
方山,华北地区
交口,华北地区
孝义,华北地区
石楼,华北地区
交城,华北地区
文水,华北地区
瓦房店,东北地区
普兰店,东北地区
金州,东北地区
长海,东北地区
中山,东北地区
甘井子,东北地区
庄河,东北地区
旅顺口,东北地区
西岗,东北地区
沙河口,东北地区
建昌,东北地区
兴城,东北地区
龙港,东北地区
绥中,东北地区
南票,东北地区
连山,东北地区
黑山,东北地区
凌海,东北地区
太和,东北地区
凌河,东北地区
古塔,东北地区
振安,东北地区
凤城,东北地区
东港,东北地区
振兴,东北地区
元宝,东北地区
宽甸满族,东北地区
清原满族,东北地区
新宾满族,东北地区
东洲,东北地区
望花,东北地区
新抚,东北地区
顺城,东北地区
新民,东北地区
沈北,东北地区
浑南,东北地区
辽中,东北地区
于洪,东北地区
皇姑,东北地区
和平,东北地区
铁西,东北地区
苏家屯,东北地区
康平,东北地区
法库,东北地区
大东,东北地区
沈河,东北地区
台安,东北地区
岫岩满族,东北地区
海城,东北地区
铁东,东北地区
立山,东北地区
千山,东北地区
调兵山,东北地区
开原,东北地区
清河,东北地区
银州,东北地区
西丰,东北地区
昌图,东北地区
白塔,东北地区
弓长岭,东北地区
文圣,东北地区
宏伟,东北地区
太子河,东北地区
灯塔,东北地区
兴隆台,东北地区
大洼,东北地区
盘山,东北地区
双台子,东北地区
鲅鱼圈,东北地区
大石桥,东北地区
盖州,东北地区
站前,东北地区
老边,东北地区
建平,东北地区
北票,东北地区
双塔,东北地区
龙城,东北地区
凌源,东北地区
喀喇沁左翼蒙古族,东北地区
海州,东北地区
细河,东北地区
太平,东北地区
清河门,东北地区
阜新蒙古族,东北地区
新邱,东北地区
彰武,东北地区
溪湖,东北地区
桓仁满族,东北地区
南芬,东北地区
平山,东北地区
明山,东北地区
本溪满族,东北地区
榆树,东北地区
德惠,东北地区
双阳,东北地区
农安,东北地区
绿园,东北地区
二道,东北地区
九台,东北地区
南关,东北地区
宽城,东北地区
西安,东北地区
龙山,东北地区
东辽,东北地区
东丰,东北地区
舒兰,东北地区
船营,东北地区
丰满,东北地区
桦甸,东北地区
昌邑,东北地区
蛟河,东北地区
龙潭,东北地区
永吉,东北地区
磐石,东北地区
大安,东北地区
洮南,东北地区
通榆,东北地区
洮北,东北地区
扶余,东北地区
宁江,东北地区
前郭尔罗斯蒙古族,东北地区
乾安,东北地区
长岭,东北地区
双辽,东北地区
公主岭,东北地区
伊通满族,东北地区
梨树,东北地区
敦化,东北地区
图们,东北地区
珲春,东北地区
和龙,东北地区
汪清,东北地区
延吉,东北地区
龙井,东北地区
安图,东北地区
靖宇,东北地区
长白朝鲜族,东北地区
江源,东北地区
抚松,东北地区
浑江,东北地区
临江,东北地区
东昌,东北地区
二道江,东北地区
柳河,东北地区
梅河口,东北地区
辉南,东北地区
集安,东北地区
漠河,东北地区
呼玛,东北地区
塔河,东北地区
加格达奇,东北地区
勃利,东北地区
茄子河,东北地区
新兴,东北地区
桃山,东北地区
让胡路,东北地区
红岗,东北地区
肇源,东北地区
大同,东北地区
林甸,东北地区
杜尔伯特蒙古族,东北地区
肇州,东北地区
龙凤,东北地区
萨尔图,东北地区
萝北,东北地区
绥滨,东北地区
工农,东北地区
向阳,东北地区
东山,东北地区
兴山,东北地区
南山,东北地区
兴安,东北地区
乌伊岭,东北地区
嘉荫,东北地区
友好,东北地区
红星,东北地区
五营,东北地区
汤旺河,东北地区
新青,东北地区
上甘岭,东北地区
翠峦,东北地区
美溪,东北地区
乌马河,东北地区
金山屯,东北地区
铁力,东北地区
西林,东北地区
带岭,东北地区
南岔,东北地区
绥棱,东北地区
海伦,东北地区
庆安,东北地区
北林,东北地区
青冈,东北地区
望奎,东北地区
安达,东北地区
明水,东北地区
肇东,东北地区
兰西,东北地区
抚远,东北地区
同江,东北地区
桦川,东北地区
桦南,东北地区
汤原,东北地区
富锦,东北地区
东风,东北地区
前进,东北地区
讷河,东北地区
克山,东北地区
甘南,东北地区
克东,东北地区
富裕,东北地区
依安,东北地区
梅里斯达斡尔族,东北地区
龙江,东北地区
碾子山,东北地区
龙沙,东北地区
富拉尔基,东北地区
铁锋,东北地区
昂昂溪,东北地区
建华,东北地区
泰来,东北地区
拜泉,东北地区
虎林,东北地区
城子河,东北地区
滴道,东北地区
麻山,东北地区
鸡冠,东北地区
恒山,东北地区
密山,东北地区
鸡东,东北地区
饶河,东北地区
四方台,东北地区
友谊,东北地区
尖山,东北地区
集贤,东北地区
岭东,东北地区
宝山,东北地区
宝清,东北地区
巴彦,东北地区
依兰,东北地区
通河,东北地区
呼兰,东北地区
木兰,东北地区
方正,东北地区
延寿,东北地区
双城,东北地区
平房,东北地区
尚志,东北地区
香坊,东北地区
道里,东北地区
松北,东北地区
五常,东北地区
南岗,东北地区
道外,东北地区
阿城,东北地区
逊克,东北地区
孙吴,东北地区
嫩江,东北地区
爱辉,东北地区
五大连池,东北地区
北安,东北地区
东安,东北地区
爱民,东北地区
绥芬河,东北地区
东宁,东北地区
宁安,东北地区
穆棱,东北地区
阳明,东北地区
林口,东北地区
海林,东北地区
沭阳,华东地区
泗阳,华东地区
泗洪,华东地区
宿城,华东地区
宿豫,华东地区
东海,华东地区
连云,华东地区
灌云,华东地区
灌南,华东地区
赣榆,华东地区
海州,华东地区
宝应,华东地区
江都,华东地区
广陵,华东地区
邗江,华东地区
高邮,华东地区
仪征,华东地区
浦口,华东地区
雨花台,华东地区
溧水,华东地区
江宁,华东地区
玄武,华东地区
栖霞,华东地区
秦淮,华东地区
高淳,华东地区
六合,华东地区
建邺,华东地区
鼓楼,华东地区
如皋,华东地区
海门,华东地区
海安,华东地区
启东,华东地区
如东,华东地区
通州,华东地区
崇川,华东地区
港闸,华东地区
宜兴,华东地区
惠山,华东地区
江阴,华东地区
梁溪,华东地区
锡山,华东地区
新吴,华东地区
滨湖,华东地区
扬中,华东地区
丹阳,华东地区
润州,华东地区
句容,华东地区
丹徒,华东地区
京口,华东地区
涟水,华东地区
洪泽,华东地区
金湖,华东地区
淮阴,华东地区
盱眙,华东地区
清江浦,华东地区
兴化,华东地区
靖江,华东地区
海陵,华东地区
泰兴,华东地区
高港,华东地区
姜堰,华东地区
邳州,华东地区
新沂,华东地区
泉山,华东地区
铜山,华东地区
睢宁,华东地区
贾汪,华东地区
云龙,华东地区
张家港,华东地区
虎丘,华东地区
常熟,华东地区
太仓,华东地区
昆山,华东地区
姑苏,华东地区
相城,华东地区
吴江,华东地区
吴中,华东地区
金坛,华东地区
武进,华东地区
钟楼,华东地区
天宁,华东地区
新北,华东地区
溧阳,华东地区
响水,华东地区
滨海,华东地区
射阳,华东地区
阜宁,华东地区
建湖,华东地区
亭湖,华东地区
盐都,华东地区
大丰,华东地区
东台,华东地区
北仑,华东地区
象山,华东地区
江北,华东地区
奉化,华东地区
宁海,华东地区
余姚,华东地区
鄞州,华东地区
海曙,华东地区
慈溪,华东地区
路桥,华东地区
临海,华东地区
椒江,华东地区
三门,华东地区
天台,华东地区
温岭,华东地区
玉环,华东地区
黄岩,华东地区
仙居,华东地区
平湖,华东地区
桐乡,华东地区
海宁,华东地区
秀洲,华东地区
南湖,华东地区
嘉善,华东地区
海盐,华东地区
定海,华东地区
岱山,华东地区
嵊泗,华东地区
平阳,华东地区
洞头,华东地区
瑞安,华东地区
苍南,华东地区
鹿城,华东地区
永嘉,华东地区
泰顺,华东地区
文成,华东地区
乐清,华东地区
龙湾,华东地区
瓯海,华东地区
衢江,华东地区
柯城,华东地区
常山,华东地区
开化,华东地区
龙游,华东地区
江山,华东地区
浦江,华东地区
永康,华东地区
武义,华东地区
兰溪,华东地区
东阳,华东地区
婺城,华东地区
磐安,华东地区
金东,华东地区
义乌,华东地区
莲都,华东地区
松阳,华东地区
龙泉,华东地区
遂昌,华东地区
云和,华东地区
缙云,华东地区
景宁畲族,华东地区
青田,华东地区
庆元,华东地区
富阳,华东地区
桐庐,华东地区
西湖,华东地区
上城,华东地区
建德,华东地区
淳安,华东地区
余杭,华东地区
萧山,华东地区
滨江,华东地区
江干,华东地区
下城,华东地区
临安,华东地区
拱墅,华东地区
上虞,华东地区
嵊州,华东地区
新昌,华东地区
越城,华东地区
柯桥,华东地区
诸暨,华东地区
德清,华东地区
长兴,华东地区
吴兴,华东地区
安吉,华东地区
南浔,华东地区
太和,华东地区
临泉,华东地区
颍泉,华东地区
颍东,华东地区
颍州,华东地区
阜南,华东地区
颍上,华东地区
界首,华东地区
杜集,华东地区
相山,华东地区
濉溪,华东地区
烈山,华东地区
枞阳,华东地区
铜官,华东地区
义安,华东地区
淮上,华东地区
龙子湖,华东地区
五河,华东地区
怀远,华东地区
禹会,华东地区
蚌山,华东地区
博望,华东地区
当涂,华东地区
花山,华东地区
雨山,华东地区
含山,华东地区
青阳,华东地区
东至,华东地区
贵池,华东地区
石台,华东地区
涡阳,华东地区
谯城,华东地区
蒙城,华东地区
利辛,华东地区
明光,华东地区
天长,华东地区
全椒,华东地区
凤阳,华东地区
定远,华东地区
来安,华东地区
南谯,华东地区
琅琊,华东地区
潜山,华东地区
岳西,华东地区
桐城,华东地区
太湖,华东地区
迎江,华东地区
宜秀,华东地区
宿松,华东地区
望江,华东地区
大观,华东地区
怀宁,华东地区
休宁,华东地区
屯溪,华东地区
祁门,华东地区
徽州,华东地区
广德,华东地区
旌德,华东地区
绩溪,华东地区
宣州,华东地区
郎溪,华东地区
宁国,华东地区
繁昌,华东地区
无为,华东地区
弋江,华东地区
镜湖,华东地区
南陵,华东地区
鸠江,华东地区
三山,华东地区
霍山,华东地区
裕安,华东地区
金寨,华东地区
舒城,华东地区
金安,华东地区
叶集,华东地区
霍邱,华东地区
八公山,华东地区
潘集,华东地区
谢家集,华东地区
凤台,华东地区
大通,华东地区
田家庵,华东地区
庐阳,华东地区
肥东,华东地区
庐江,华东地区
瑶海,华东地区
长丰,华东地区
肥西,华东地区
蜀山,华东地区
包河,华东地区
巢湖,华东地区
砀山,华东地区
埇桥,华东地区
灵璧,华东地区
寿宁,华东地区
周宁,华东地区
柘荣,华东地区
福安,华东地区
霞浦,华东地区
屏南,华东地区
蕉城,华东地区
古田,华东地区
福鼎,华东地区
罗源,华东地区
连江,华东地区
闽清,华东地区
闽侯,华东地区
长乐,华东地区
仓山,华东地区
永泰,华东地区
平潭,华东地区
福清,华东地区
台江,华东地区
马尾,华东地区
晋安,华东地区
新罗,华东地区
漳平,华东地区
长汀,华东地区
连城,华东地区
武平,华东地区
上杭,华东地区
永定,华东地区
城厢,华东地区
仙游,华东地区
秀屿,华东地区
荔城,华东地区
涵江,华东地区
德化,华东地区
永春,华东地区
南安,华东地区
洛江,华东地区
安溪,华东地区
泉港,华东地区
丰泽,华东地区
惠安,华东地区
晋江,华东地区
石狮,华东地区
金门,华东地区
鲤城,华东地区
宁化,华东地区
泰宁,华东地区
大田,华东地区
梅列,华东地区
永安,华东地区
三元,华东地区
清流,华东地区
建宁,华东地区
尤溪,华东地区
将乐,华东地区
明溪,华东地区
同安,华东地区
海沧,华东地区
集美,华东地区
湖里,华东地区
思明,华东地区
翔安,华东地区
华安,华东地区
南靖,华东地区
长泰,华东地区
云霄,华东地区
平和,华东地区
诏安,华东地区
漳浦,华东地区
龙海,华东地区
东山,华东地区
龙文,华东地区
芗城,华东地区
武夷山,华东地区
浦城,华东地区
松溪,华东地区
光泽,华东地区
建阳,华东地区
邵武,华东地区
建瓯,华东地区
政和,华东地区
顺昌,华东地区
延平,华东地区
乐平,华东地区
昌江,华东地区
浮梁,华东地区
珠山,华东地区
彭泽,华东地区
武宁,华东地区
柴桑,华东地区
湖口,华东地区
瑞昌,华东地区
都昌,华东地区
修水,华东地区
庐山,华东地区
濂溪,华东地区
浔阳,华东地区
德安,华东地区
永修,华东地区
共青城,华东地区
东乡,华东地区
金溪,华东地区
资溪,华东地区
南丰,华东地区
南城,华东地区
乐安,华东地区
广昌,华东地区
崇仁,华东地区
宜黄,华东地区
临川,华东地区
黎川,华东地区
德兴,华东地区
铅山,华东地区
鄱阳,华东地区
婺源,华东地区
信州,华东地区
广信,华东地区
广丰,华东地区
弋阳,华东地区
万年,华东地区
余干,华东地区
横峰,华东地区
玉山,华东地区
分宜,华东地区
渝水,华东地区
宁都,华东地区
兴国,华东地区
石城,华东地区
于都,华东地区
瑞金,华东地区
上犹,华东地区
会昌,华东地区
崇义,华东地区
安远,华东地区
大余,华东地区
信丰,华东地区
寻乌,华东地区
全南,华东地区
定南,华东地区
龙南,华东地区
章贡,华东地区
南康,华东地区
贵溪,华东地区
余江,华东地区
月湖,华东地区
安义,华东地区
进贤,华东地区
青云谱,华东地区
青山湖,华东地区
湾里,华东地区
新建,华东地区
东湖,华东地区
吉水,华东地区
遂川,华东地区
永新,华东地区
永丰,华东地区
吉州,华东地区
青原,华东地区
万安,华东地区
峡江,华东地区
泰和,华东地区
井冈山,华东地区
新干,华东地区
安福,华东地区
湘东,华东地区
安源,华东地区
上栗,华东地区
芦溪,华东地区
莲花,华东地区
上高,华东地区
丰城,华东地区
宜丰,华东地区
靖安,华东地区
高安,华东地区
奉新,华东地区
万载,华东地区
铜鼓,华东地区
袁州,华东地区
樟树,华东地区
环翠,华东地区
荣成,华东地区
文登,华东地区
乳山,华东地区
龙口,华东地区
长岛,华东地区
福山,华东地区
芝罘,华东地区
招远,华东地区
莱州,华东地区
海阳,华东地区
牟平,华东地区
莱山,华东地区
莱阳,华东地区
蓬莱,华东地区
沾化,华东地区
滨城,华东地区
邹平,华东地区
博兴,华东地区
无棣,华东地区
阳信,华东地区
惠民,华东地区
蒙阴,华东地区
沂水,华东地区
平邑,华东地区
兰山,华东地区
沂南,华东地区
郯城,华东地区
兰陵,华东地区
莒南,华东地区
罗庄,华东地区
临沭,华东地区
河东,华东地区
莱城,华东地区
钢城,华东地区
高青,华东地区
张店,华东地区
桓台,华东地区
临淄,华东地区
周村,华东地区
淄川,华东地区
沂源,华东地区
博山,华东地区
莱西,华东地区
平度,华东地区
即墨,华东地区
崂山,华东地区
城阳,华东地区
李沧,华东地区
黄岛,华东地区
胶州,华东地区
临清,华东地区
茌平,华东地区
东昌府,华东地区
东阿,华东地区
高唐,华东地区
阳谷,华东地区
宁津,华东地区
陵城,华东地区
乐陵,华东地区
庆云,华东地区
德城,华东地区
临邑,华东地区
武城,华东地区
禹城,华东地区
平原,华东地区
夏津,华东地区
齐河,华东地区
五莲,华东地区
岚山,华东地区
东港,华东地区
牡丹,华东地区
鄄城,华东地区
定陶,华东地区
东明,华东地区
成武,华东地区
巨野,华东地区
郓城,华东地区
青州,华东地区
奎文,华东地区
潍城,华东地区
昌乐,华东地区
坊子,华东地区
临朐,华东地区
高密,华东地区
安丘,华东地区
诸城,华东地区
寿光,华东地区
寒亭,华东地区
昌邑,华东地区
商河,华东地区
济阳,华东地区
章丘,华东地区
长清,华东地区
天桥,华东地区
槐荫,华东地区
平阴,华东地区
历城,华东地区
历下,华东地区
岱岳,华东地区
东平,华东地区
新泰,华东地区
泰山,华东地区
肥城,华东地区
宁阳,华东地区
利津,华东地区
广饶,华东地区
垦利,华东地区
河口,华东地区
梁山,华东地区
曲阜,华东地区
兖州,华东地区
邹城,华东地区
汶上,华东地区
泗水,华东地区
鱼台,华东地区
金乡,华东地区
任城,华东地区
嘉祥,华东地区
微山,华东地区
薛城,华东地区
山亭,华东地区
峄城,华东地区
台儿庄,华东地区
滕州,华东地区
清丰,华中地区
南乐,华中地区
台前,华中地区
华龙,华中地区
新安,华中地区
孟津,华中地区
栾川,华中地区
汝阳,华中地区
涧西,华中地区
伊川,华中地区
吉利,华中地区
宜阳,华中地区
洛宁,华中地区
偃师,华中地区
瀍河回族,华中地区
洛龙,华中地区
老城,华中地区
西工,华中地区
湖滨,华中地区
义马,华中地区
渑池,华中地区
卢氏,华中地区
陕州,华中地区
灵宝,华中地区
登封,华中地区
巩义,华中地区
荥阳,华中地区
上街,华中地区
新郑,华中地区
惠济,华中地区
金水,华中地区
中原,华中地区
二七,华中地区
新密,华中地区
管城回族,华中地区
中牟,华中地区
建安,华中地区
襄城,华中地区
魏都,华中地区
长葛,华中地区
禹州,华中地区
鄢陵,华中地区
西峡,华中地区
淅川,华中地区
南召,华中地区
卧龙,华中地区
唐河,华中地区
桐柏,华中地区
社旗,华中地区
方城,华中地区
内乡,华中地区
新野,华中地区
邓州,华中地区
宛城,华中地区
郾城,华中地区
临颍,华中地区
召陵,华中地区
舞阳,华中地区
源汇,华中地区
济源坡头,华中地区
济源梨林,华中地区
济源思礼,华中地区
济源大峪,华中地区
济源五龙口,华中地区
济源王屋,华中地区
济源玉泉街道,华中地区
济源轵城,华中地区
济源济水街道,华中地区
济源沁园街道,华中地区
济源下冶,华中地区
济源天坛街道,华中地区
济源克井,华中地区
济源邵原,华中地区
济源北海街道,华中地区
济源承留,华中地区
宝丰,华中地区
石龙,华中地区
卫东,华中地区
湛河,华中地区
鲁山,华中地区
舞钢,华中地区
新华,华中地区
汝州,华中地区
潢川,华中地区
淮滨,华中地区
光山,华中地区
罗山,华中地区
商城,华中地区
浉河,华中地区
固始,华中地区
平桥,华中地区
马村,华中地区
解放,华中地区
沁阳,华中地区
孟州,华中地区
山阳,华中地区
博爱,华中地区
武陟,华中地区
修武,华中地区
中站,华中地区
殷都,华中地区
内黄,华中地区
龙安,华中地区
汤阴,华中地区
文峰,华中地区
北关,华中地区
林州,华中地区
上蔡,华中地区
西平,华中地区
汝南,华中地区
平舆,华中地区
新蔡,华中地区
泌阳,华中地区
遂平,华中地区
驿城,华中地区
确山,华中地区
正阳,华中地区
民权,华中地区
宁陵,华中地区
睢阳,华中地区
永城,华中地区
夏邑,华中地区
柘城,华中地区
梁园,华中地区
虞城,华中地区
红旗,华中地区
凤泉,华中地区
获嘉,华中地区
卫辉,华中地区
延津,华中地区
封丘,华中地区
原阳,华中地区
长垣,华中地区
卫滨,华中地区
牧野,华中地区
淇滨,华中地区
鹤山,华中地区
山城,华中地区
太康,华中地区
鹿邑,华中地区
西华,华中地区
郸城,华中地区
沈丘,华中地区
项城,华中地区
扶沟,华中地区
淮阳,华中地区
川汇,华中地区
商水,华中地区
兰考,华中地区
祥符,华中地区
鼓楼,华中地区
顺河回族,华中地区
禹王台,华中地区
龙亭,华中地区
尉氏,华中地区
通许,华中地区
郧阳,华中地区
丹江口,华中地区
张湾,华中地区
茅箭,华中地区
竹溪,华中地区
竹山,华中地区
郧西,华中地区
兴山,华中地区
远安,华中地区
夷陵,华中地区
当阳,华中地区
秭归,华中地区
西陵,华中地区
长阳土家族,华中地区
点军,华中地区
猇亭,华中地区
枝江,华中地区
伍家岗,华中地区
宜都,华中地区
五峰土家族,华中地区
大悟,华中地区
孝昌,华中地区
安陆,华中地区
云梦,华中地区
应城,华中地区
孝南,华中地区
汉川,华中地区
黄陂,华中地区
新洲,华中地区
东西湖,华中地区
江岸,华中地区
蔡甸,华中地区
汉南,华中地区
汉阳,华中地区
硚口,华中地区
江汉,华中地区
江夏,华中地区
青山,华中地区
洪山,华中地区
武昌,华中地区
建始,华中地区
利川,华中地区
恩施,华中地区
鹤峰,华中地区
来凤,华中地区
巴东,华中地区
宣恩,华中地区
咸丰,华中地区
多祥,华中地区
黄潭,华中地区
横林,华中地区
马湾,华中地区
干驿,华中地区
小板,华中地区
多宝,华中地区
岳口,华中地区
蒋场,华中地区
石家河,华中地区
九真,华中地区
佛子山,华中地区
侨乡街道开发,华中地区
麻洋,华中地区
汪场,华中地区
渔薪,华中地区
张港,华中地区
红安,华中地区
英山,华中地区
罗田,华中地区
团风,华中地区
浠水,华中地区
麻城,华中地区
蕲春,华中地区
黄州,华中地区
黄梅,华中地区
武穴,华中地区
积玉口,华中地区
潜江经济开发,华中地区
周矶管理,华中地区
总口管理,华中地区
王场,华中地区
运粮湖管理,华中地区
白鹭湖管理,华中地区
竹根滩,华中地区
渔洋,华中地区
熊口,华中地区
后湖管理,华中地区
熊口管理,华中地区
张金,华中地区
杨街道,华中地区
老新,华中地区
龙湾,华中地区
浩口,华中地区
高石碑,华中地区
老河口,华中地区
谷城,华中地区
枣阳,华中地区
南漳,华中地区
宜城,华中地区
襄州,华中地区
保康,华中地区
樊城,华中地区
京山,华中地区
东宝,华中地区
钟祥,华中地区
掇刀,华中地区
沙洋,华中地区
沙湖,华中地区
工业园,华中地区
豆河,华中地区
通海口,华中地区
胡场,华中地区
长倘口,华中地区
杨林尾,华中地区
西流河,华中地区
彭场,华中地区
沔城回族,华中地区
陈场,华中地区
郭河,华中地区
排湖风景,华中地区
郑场,华中地区
张沟,华中地区
毛嘴,华中地区
三伏潭,华中地区
木鱼,华中地区
九湖,华中地区
松柏,华中地区
红坪,华中地区
阳日,华中地区
广水,华中地区
曾都,华中地区
江陵,华中地区
监利,华中地区
石首,华中地区
洪湖,华中地区
松滋,华中地区
公安,华中地区
嘉鱼,华中地区
崇阳,华中地区
通山,华中地区
咸安,华中地区
赤壁,华中地区
通城,华中地区
铁山,华中地区
西塞山,华中地区
下陆,华中地区
阳新,华中地区
大冶,华中地区
黄石港,华中地区
华容,华中地区
梁子湖,华中地区
鄂城,华中地区
岳阳楼,华中地区
君山,华中地区
云溪,华中地区
汨罗,华中地区
湘阴,华中地区
临湘,华中地区
平江,华中地区
衡山,华中地区
衡东,华中地区
南岳,华中地区
雁峰,华中地区
珠晖,华中地区
石鼓,华中地区
祁东,华中地区
衡南,华中地区
耒阳,华中地区
蒸湘,华中地区
常宁,华中地区
冷水江,华中地区
新化,华中地区
双峰,华中地区
娄星,华中地区
涟源,华中地区
岳塘,华中地区
雨湖,华中地区
韶山,华中地区
湘乡,华中地区
沅江,华中地区
资阳,华中地区
桃江,华中地区
赫山,华中地区
安化,华中地区
芙蓉,华中地区
开福,华中地区
岳麓,华中地区
天心,华中地区
浏阳,华中地区
雨花,华中地区
宁乡,华中地区
望城,华中地区
临澧,华中地区
石门,华中地区
鼎城,华中地区
武陵,华中地区
汉寿,华中地区
桃源,华中地区
安乡,华中地区
芷江侗族,华中地区
洪江,华中地区
通道侗族,华中地区
沅陵,华中地区
溆浦,华中地区
辰溪,华中地区
靖州苗族侗族,华中地区
麻阳苗族,华中地区
会同,华中地区
新晃侗族,华中地区
鹤城,华中地区
中方,华中地区
隆回,华中地区
邵东,华中地区
大祥,华中地区
北塔,华中地区
绥宁,华中地区
双清,华中地区
新宁,华中地区
城步苗族,华中地区
新邵,华中地区
武冈,华中地区
洞口,华中地区
武陵源,华中地区
慈利,华中地区
桑植,华中地区
永定,华中地区
永顺,华中地区
花垣,华中地区
保靖,华中地区
吉首,华中地区
古丈,华中地区
泸溪,华中地区
龙山,华中地区
凤凰,华中地区
荷塘,华中地区
茶陵,华中地区
炎陵,华中地区
天元,华中地区
芦淞,华中地区
石峰,华中地区
醴陵,华中地区
冷水滩,华中地区
东安,华中地区
祁阳,华中地区
新田,华中地区
零陵,华中地区
宁远,华中地区
蓝山,华中地区
江华瑶族,华中地区
江永,华中地区
双牌,华中地区
安仁,华中地区
永兴,华中地区
苏仙,华中地区
资兴,华中地区
桂东,华中地区
汝城,华中地区
嘉禾,华中地区
北湖,华中地区
临武,华中地区
桂阳,华中地区
宜章,华中地区
南澳,华南地区
澄海,华南地区
濠江,华南地区
潮阳,华南地区
潮南,华南地区
龙湖,华南地区
金平,华南地区
三水,华南地区
高明,华南地区
顺德,华南地区
禅城,华南地区
南海,华南地区
香洲,华南地区
斗门,华南地区
金湾,华南地区
澳门大学横琴校(由澳门管辖),华南地区
鹤山,华南地区
江海,华南地区
开平,华南地区
台山,华南地区
恩平,华南地区
新会,华南地区
蓬江,华南地区
吴川,华南地区
廉江,华南地区
雷州,华南地区
徐闻,华南地区
霞山,华南地区
麻章,华南地区
坡头,华南地区
赤坎,华南地区
遂溪,华南地区
龙门,华南地区
博罗,华南地区
惠东,华南地区
惠阳,华南地区
惠城,华南地区
怀集,华南地区
封开,华南地区
广宁,华南地区
四会,华南地区
德庆,华南地区
鼎湖,华南地区
端州,华南地区
高要,华南地区
陆河,华南地区
陆丰,华南地区
海丰,华南地区
信宜,华南地区
化州,华南地区
高州,华南地区
电白,华南地区
茂南,华南地区
宝安,华南地区
南山,华南地区
福田,华南地区
盐田,华南地区
罗湖,华南地区
龙华,华南地区
龙岗,华南地区
坪山,华南地区
阳春,华南地区
江城,华南地区
阳西,华南地区
阳东,华南地区
饶平,华南地区
湘桥,华南地区
潮安,华南地区
仁化,华南地区
南雄,华南地区
曲江,华南地区
浈江,华南地区
始兴,华南地区
乳源瑶族,华南地区
武江,华南地区
翁源,华南地区
新丰,华南地区
乐昌,华南地区
平远,华南地区
蕉岭,华南地区
兴宁,华南地区
五华,华南地区
丰顺,华南地区
大埔,华南地区
梅江,华南地区
龙川,华南地区
和平,华南地区
连平,华南地区
东源,华南地区
源城,华南地区
紫金,华南地区
连南瑶族,华南地区
连州,华南地区
连山壮族瑶族,华南地区
英德,华南地区
佛冈,华南地区
阳山,华南地区
清城,华南地区
常平,华南地区
望牛墩,华南地区
大朗,华南地区
麻涌,华南地区
黄江,华南地区
凤岗,华南地区
樟木头,华南地区
桥头,华南地区
石龙,华南地区
寮步,华南地区
高埗,华南地区
塘厦,华南地区
厚街,华南地区
谢岗,华南地区
虎门,华南地区
横沥,华南地区
企石,华南地区
东坑,华南地区
石排,华南地区
洪梅,华南地区
沙田,华南地区
长安,华南地区
道滘,华南地区
大岭山,华南地区
清溪,华南地区
茶山,华南地区
中堂,华南地区
石碣,华南地区
罗定,华南地区
郁南,华南地区
新兴,华南地区
云安,华南地区
云城,华南地区
揭西,华南地区
普宁,华南地区
惠来,华南地区
揭东,华南地区
榕城,华南地区
从化,华南地区
增城,华南地区
南沙,华南地区
花都,华南地区
黄埔,华南地区
白云,华南地区
天河,华南地区
海珠,华南地区
荔湾,华南地区
越秀,华南地区
番禺,华南地区
横栏,华南地区
三角,华南地区
东升,华南地区
神湾,华南地区
火炬开发街道,华南地区
小榄,华南地区
南朗,华南地区
民众,华南地区
港口,华南地区
三乡,华南地区
石岐街道,华南地区
大涌,华南地区
南头,华南地区
黄圃,华南地区
东街道,华南地区
阜沙,华南地区
板芙,华南地区
西街道,华南地区
坦洲,华南地区
南街道,华南地区
沙溪,华南地区
东凤,华南地区
屯城,华南地区
南吕,华南地区
坡心,华南地区
西昌,华南地区
枫木,华南地区
南坤,华南地区
乌坡,华南地区
嘉积,华南地区
会山,华南地区
万泉,华南地区
大路,华南地区
潭门,华南地区
中原,华南地区
长坡,华南地区
龙江,华南地区
塔洋,华南地区
博鳌,华南地区
石壁,华南地区
十月田,华南地区
石碌,华南地区
七叉,华南地区
乌烈,华南地区
叉河,华南地区
海尾,华南地区
昌化,华南地区
黄竹,华南地区
新竹,华南地区
富文,华南地区
岭口,华南地区
定城,华南地区
雷鸣,华南地区
翰林,华南地区
龙河,华南地区
湾岭,华南地区
营根,华南地区
中平,华南地区
黎母山,华南地区
红毛,华南地区
长征,华南地区
南宝,华南地区
博厚,华南地区
和舍,华南地区
东英,华南地区
调楼,华南地区
波莲,华南地区
多文,华南地区
新盈,华南地区
临城,华南地区
皇桐,华南地区
新龙,华南地区
东河,华南地区
感城,华南地区
三家,华南地区
四更,华南地区
大田,华南地区
板桥,华南地区
八所,华南地区
七坊,华南地区
邦溪,华南地区
牙叉,华南地区
打安,华南地区
东阁,华南地区
文教,华南地区
会文,华南地区
锦山,华南地区
翁田,华南地区
东郊,华南地区
铺前,华南地区
龙楼,华南地区
冯坡,华南地区
昌洒,华南地区
公坡,华南地区
蓬莱,华南地区
抱罗,华南地区
潭牛,华南地区
东路,华南地区
文城,华南地区
重兴,华南地区
南圣,华南地区
毛阳,华南地区
番阳,华南地区
通什,华南地区
新政,华南地区
加茂,华南地区
保城,华南地区
响水,华南地区
什玲,华南地区
三道,华南地区
永发,华南地区
福山,华南地区
中兴,华南地区
金江,华南地区
老城,华南地区
文儒,华南地区
瑞溪,华南地区
大丰,华南地区
加乐,华南地区
仁兴,华南地区
椰林,华南地区
黎安,华南地区
新村,华南地区
本号,华南地区
光坡,华南地区
文罗,华南地区
隆广,华南地区
三才,华南地区
英州,华南地区
崖州,华南地区
天涯,华南地区
海棠,华南地区
吉阳,华南地区
礼纪,华南地区
后安,华南地区
万城,华南地区
和乐,华南地区
大茂,华南地区
山根,华南地区
龙滚,华南地区
三更罗,华南地区
北大,华南地区
长丰,华南地区
南桥,华南地区
东澳,华南地区
莺歌海,华南地区
万冲,华南地区
利国,华南地区
抱由,华南地区
九所,华南地区
黄流,华南地区
大安,华南地区
佛罗,华南地区
尖峰,华南地区
千家,华南地区
志仲,华南地区
洋浦经济开发,华南地区
光村,华南地区
兰洋,华南地区
海头,华南地区
和庆,华南地区
中和,华南地区
王五,华南地区
木棠,华南地区
东成,华南地区
新州,华南地区
南丰,华南地区
排浦,华南地区
雅星,华南地区
白马井,华南地区
那大,华南地区
峨蔓,华南地区
大成,华南地区
三都,华南地区
美兰,华南地区
琼山,华南地区
秀英,华南地区
朝天,西南地区
昭化,西南地区
剑阁,西南地区
苍溪,西南地区
旺苍,西南地区
青川,西南地区
利州,西南地区
顺庆,西南地区
嘉陵,西南地区
南部,西南地区
蓬安,西南地区
营山,西南地区
西充,西南地区
仪陇,西南地区
阆中,西南地区
高坪,西南地区
宣汉,西南地区
大竹,西南地区
达川,西南地区
通川,西南地区
万源,西南地区
开江,西南地区
丹棱,西南地区
仁寿,西南地区
洪雅,西南地区
青神,西南地区
东坡,西南地区
彭山,西南地区
旌阳,西南地区
中江,西南地区
什邡,西南地区
广汉,西南地区
罗江,西南地区
绵竹,西南地区
船山,西南地区
大英,西南地区
蓬溪,西南地区
射洪,西南地区
安居,西南地区
南江,西南地区
通江,西南地区
平昌,西南地区
巴州,西南地区
恩阳,西南地区
邻水,西南地区
武胜,西南地区
岳池,西南地区
前锋,西南地区
华蓥,西南地区
雁江,西南地区
乐至,西南地区
安岳,西南地区
彭州,西南地区
都江堰,西南地区
新都,西南地区
青白江,西南地区
简阳,西南地区
蒲江,西南地区
崇州,西南地区
大邑,西南地区
成华,西南地区
金堂,西南地区
邛崃,西南地区
新津,西南地区
龙泉驿,西南地区
锦江,西南地区
青羊,西南地区
温江,西南地区
金牛,西南地区
郫都,西南地区
武侯,西南地区
双流,西南地区
三台,西南地区
梓潼,西南地区
江油,西南地区
游仙,西南地区
安州,西南地区
北川羌族,西南地区
盐亭,西南地区
涪城,西南地区
平武,西南地区
资中,西南地区
威远,西南地区
东兴,西南地区
隆昌,西南地区
长宁,西南地区
翠屏,西南地区
江安,西南地区
南溪,西南地区
筠连,西南地区
兴文,西南地区
屏山,西南地区
贡井,西南地区
沿滩,西南地区
富顺,西南地区
大安,西南地区
自流井,西南地区
宝兴,西南地区
雨城,西南地区
石棉,西南地区
汉源,西南地区
芦山,西南地区
天全,西南地区
荥经,西南地区
名山,西南地区
米易,西南地区
仁和,西南地区
盐边,西南地区
五通桥,西南地区
沙湾,西南地区
井研,西南地区
金口河,西南地区
峨边彝族,西南地区
犍为,西南地区
夹江,西南地区
沐川,西南地区
马边彝族,西南地区
峨眉山,西南地区
甘孜,西南地区
德格,西南地区
石渠,西南地区
炉霍,西南地区
道孚,西南地区
新龙,西南地区
白玉,西南地区
雅江,西南地区
理塘,西南地区
九龙,西南地区
巴塘,西南地区
康定,西南地区
泸定,西南地区
乡城,西南地区
稻城,西南地区
得荣,西南地区
丹巴,西南地区
色达,西南地区
龙马潭,西南地区
叙永,西南地区
纳溪,西南地区
古蔺,西南地区
江阳,西南地区
合江,西南地区
阿坝,西南地区
九寨沟,西南地区
红原,西南地区
若尔盖,西南地区
黑水,西南地区
马尔康,西南地区
汶川,西南地区
金川,西南地区
松潘,西南地区
壤塘,西南地区
小金,西南地区
木里藏族,西南地区
喜德,西南地区
西昌,西南地区
会理,西南地区
布拖,西南地区
甘洛,西南地区
美姑,西南地区
昭觉,西南地区
金阳,西南地区
盐源,西南地区
冕宁,西南地区
越西,西南地区
会东,西南地区
普格,西南地区
雷波,西南地区
宁南,西南地区
德昌,西南地区
印江土家族苗族,西南地区
玉屏侗族,西南地区
石阡,西南地区
碧江,西南地区
思南,西南地区
德江,西南地区
沿河土家族,西南地区
江口,西南地区
万山,西南地区
松桃苗族,西南地区
钟山,西南地区
六枝特,西南地区
盘州,西南地区
水城,西南地区
三穗,西南地区
锦屏,西南地区
剑河,西南地区
天柱,西南地区
从江,西南地区
雷山,西南地区
黎平,西南地区
榕江,西南地区
施秉,西南地区
凯里,西南地区
丹寨,西南地区
麻江,西南地区
黄平,西南地区
台江,西南地区
岑巩,西南地区
桐梓,西南地区
湄潭,西南地区
绥阳,西南地区
余庆,西南地区
红花岗,西南地区
汇川,西南地区
凤冈,西南地区
务川仡佬族苗族,西南地区
仁怀,西南地区
播州,西南地区
赤水,西南地区
习水,西南地区
正安,西南地区
道真仡佬族苗族,西南地区
都匀,西南地区
惠水,西南地区
平塘,西南地区
独山,西南地区
罗甸,西南地区
荔波,西南地区
长顺,西南地区
龙里,西南地区
贵定,西南地区
三都水族,西南地区
福泉,西南地区
瓮安,西南地区
兴仁,西南地区
兴义,西南地区
安龙,西南地区
册亨,西南地区
晴隆,西南地区
普安,西南地区
贞丰,西南地区
望谟,西南地区
西秀,西南地区
普定,西南地区
紫云苗族布依族,西南地区
宁布依族苗族,西南地区
关岭布依族苗族,西南地区
平坝,西南地区
七星关,西南地区
大方,西南地区
黔西,西南地区
金沙,西南地区
纳雍,西南地区
织金,西南地区
赫章,西南地区
威宁彝族回族苗族,西南地区
开阳,西南地区
白云,西南地区
乌当,西南地区
观山湖,西南地区
息烽,西南地区
修文,西南地区
花溪,西南地区
南明,西南地区
云岩,西南地区
大关,西南地区
水富,西南地区
绥江,西南地区
永善,西南地区
威信,西南地区
巧家,西南地区
昭阳,西南地区
鲁甸,西南地区
彝良,西南地区
盐津,西南地区
会泽,西南地区
沾益,西南地区
麒麟,西南地区
马龙,西南地区
罗平,西南地区
陆良,西南地区
师宗,西南地区
富源,西南地区
宣威,西南地区
弥勒,西南地区
泸西,西南地区
建水,西南地区
开远,西南地区
石屏,西南地区
个旧,西南地区
屏边苗族,西南地区
红河,西南地区
元阳,西南地区
蒙自,西南地区
河口瑶族,西南地区
绿春,西南地区
金平苗族瑶族傣族,西南地区
玉龙纳西族,西南地区
宁蒗彝族,西南地区
华坪,西南地区
古城,西南地区
永胜,西南地区
景洪,西南地区
勐腊,西南地区
勐海,西南地区
隆阳,西南地区
腾冲,西南地区
昌宁,西南地区
施甸,西南地区
龙陵,西南地区
丘北,西南地区
广南,西南地区
文山,西南地区
砚山,西南地区
西畴,西南地区
马关,西南地区
麻栗坡,西南地区
富宁,西南地区
剑川,西南地区
鹤庆,西南地区
大理,西南地区
洱源,西南地区
宾川,西南地区
云龙,西南地区
祥云,西南地区
漾濞彝族,西南地区
巍山彝族回族,西南地区
永平,西南地区
弥渡,西南地区
南涧彝族,西南地区
贡山独龙族怒族,西南地区
福贡,西南地区
兰坪白族普米族,西南地区
泸水,西南地区
德钦,西南地区
香格里拉,西南地区
维西傈僳族,西南地区
澄江,西南地区
易门,西南地区
峨山彝族,西南地区
华宁,西南地区
红塔,西南地区
新平彝族傣族,西南地区
元江哈尼族彝族傣族,西南地区
江川,西南地区
通海,西南地区
景东彝族,西南地区
景谷傣族彝族,西南地区
沅彝族哈尼族拉祜族,西南地区
墨江哈尼族,西南地区
宁洱哈尼族彝族,西南地区
澜沧拉祜族,西南地区
西盟佤族,西南地区
思茅,西南地区
江城哈尼族彝族,西南地区
孟连傣族拉祜族佤族,西南地区
东川,西南地区
寻甸回族彝族,西南地区
西山,西南地区
宜良,西南地区
五华,西南地区
石林彝族,西南地区
呈贡,西南地区
晋宁,西南地区
禄劝彝族苗族,西南地区
富民,西南地区
安宁,西南地区
官渡,西南地区
嵩明,西南地区
盘龙,西南地区
元谋,西南地区
姚安,西南地区
牟定,西南地区
大姚,西南地区
南华,西南地区
禄丰,西南地区
楚雄,西南地区
双柏,西南地区
武定,西南地区
永仁,西南地区
盈江,西南地区
梁河,西南地区
陇川,西南地区
瑞丽,西南地区
凤庆,西南地区
临翔,西南地区
永德,西南地区
耿马傣族佤族,西南地区
双江拉祜族佤族布朗族傣族,西南地区
沧源佤族,西南地区
柞水,西北地区
洛南,西北地区
商州,西北地区
丹凤,西北地区
商南,西北地区
山阳,西北地区
高陵,西北地区
临潼,西北地区
阎良,西北地区
长安,西北地区
鄠邑,西北地区
蓝田,西北地区
未央,西北地区
碑林,西北地区
莲湖,西北地区
雁塔,西北地区
周至,西北地区
新城,西北地区
灞桥,西北地区
留坝,西北地区
汉台,西北地区
城固,西北地区
佛坪,西北地区
略阳,西北地区
南郑,西北地区
西乡,西北地区
宁强,西北地区
宁陕,西北地区
石泉,西北地区
旬阳,西北地区
汉滨,西北地区
汉阴,西北地区
紫阳,西北地区
白河,西北地区
平利,西北地区
岚皋,西北地区
神木,西北地区
榆阳,西北地区
府谷,西北地区
子洲,西北地区
横山,西北地区
靖边,西北地区
清涧,西北地区
绥德,西北地区
吴堡,西北地区
米脂,西北地区
定边,西北地区
耀州,西北地区
宜君,西北地区
印台,西北地区
王益,西北地区
旬邑,西北地区
长武,西北地区
永寿,西北地区
淳化,西北地区
礼泉,西北地区
三原,西北地区
秦都,西北地区
渭城,西北地区
兴平,西北地区
武功,西北地区
杨陵,西北地区
泾阳,西北地区
麟游,西北地区
千阳,西北地区
渭滨,西北地区
金台,西北地区
岐山,西北地区
扶风,西北地区
太白,西北地区
陈仓,西北地区
凤翔,西北地区
吴起,西北地区
子长,西北地区
延长,西北地区
宝塔,西北地区
安塞,西北地区
宜川,西北地区
延川,西北地区
志丹,西北地区
甘泉,西北地区
洛川,西北地区
黄陵,西北地区
黄龙,西北地区
韩城,西北地区
白水,西北地区
富平,西北地区
大荔,西北地区
临渭,西北地区
华州,西北地区
华阴,西北地区
潼关,西北地区
合阳,西北地区
澄城,西北地区
蒲城,西北地区
皋兰,西北地区
红古,西北地区
西固,西北地区
永登,西北地区
七里河,西北地区
榆中,西北地区
城关,西北地区
安宁,西北地区
金川,西北地区
永昌,西北地区
峪泉,西北地区
文殊,西北地区
雄关,西北地区
镜铁,西北地区
长城,西北地区
玉门,西北地区
敦煌,西北地区
肃北蒙古族,西北地区
肃州,西北地区
金塔,西北地区
阿克塞哈萨克族,西北地区
瓜州,西北地区
崆峒,西北地区
灵台,西北地区
庄浪,西北地区
崇信,西北地区
华亭,西北地区
静宁,西北地区
泾川,西北地区
靖远,西北地区
平川,西北地区
景泰,西北地区
会宁,西北地区
高台,西北地区
肃南裕固族,西北地区
临泽,西北地区
甘州,西北地区
山丹,西北地区
民乐,西北地区
舟曲,西北地区
夏河,西北地区
迭部,西北地区
玛曲,西北地区
碌曲,西北地区
合作,西北地区
临潭,西北地区
卓尼,西北地区
永靖,西北地区
临夏,西北地区
东乡族,西北地区
广河,西北地区
康乐,西北地区
积石山保安族东乡族撒拉族,西北地区
和政,西北地区
武都,西北地区
宕昌,西北地区
两当,西北地区
西和,西北地区
张家川回族,西北地区
武山,西北地区
秦安,西北地区
清水,西北地区
麦积,西北地区
秦州,西北地区
甘谷,西北地区
天祝藏族,西北地区
古浪,西北地区
凉州,西北地区
民勤,西北地区
临洮,西北地区
陇西,西北地区
渭源,西北地区
安定,西北地区
通渭,西北地区
合水,西北地区
庆城,西北地区
华池,西北地区
正宁,西北地区
西峰,西北地区
化隆回族,西北地区
循化撒拉族,西北地区
平安,西北地区
乐都,西北地区
民和回族土族,西北地区
互助土族,西北地区
贵南,西北地区
同德,西北地区
兴海,西北地区
贵德,西北地区
共和,西北地区
德令哈,西北地区
格尔木,西北地区
天峻,西北地区
都兰,西北地区
乌兰,西北地区
曲麻莱,西北地区
治多,西北地区
称多,西北地区
玉树,西北地区
杂多,西北地区
囊谦,西北地区
尖扎,西北地区
泽库,西北地区
同仁,西北地区
河南蒙古族,西北地区
达日,西北地区
久治,西北地区
甘德,西北地区
玛沁,西北地区
班玛,西北地区
玛多,西北地区
海晏,西北地区
门源回族,西北地区
祁连,西北地区
刚察,西北地区
大通回族土族,西北地区
湟源,西北地区
城东,西北地区
城西,西北地区
城中,西北地区
湟中,西北地区
城北,西北地区
乌达,华北地区
海勃湾,华北地区
海南,华北地区
五原,华北地区
临河,华北地区
磴口,华北地区
额尔古纳,华北地区
海拉尔,华北地区
根河,华北地区
牙克石,华北地区
扎兰屯,华北地区
满洲里,华北地区
扎赉诺尔,华北地区
康巴什,华北地区
东胜,华北地区
白云鄂博矿,华北地区
东河,华北地区
九原,华北地区
固阳,华北地区
昆都仑,华北地区
石拐,华北地区
青山,华北地区
和林格尔,华北地区
玉泉,华北地区
清水河,华北地区
回民,华北地区
托克托,华北地区
武川,华北地区
新城,华北地区
赛罕,华北地区
霍林郭勒,华北地区
科尔沁,华北地区
开鲁,华北地区
林西,华北地区
松山,华北地区
宁城,华北地区
红山,华北地区
元宝山,华北地区
阿尔山,华北地区
突泉,华北地区
乌兰浩特,华北地区
锡林浩特,华北地区
二连浩特,华北地区
多伦,华北地区
商都,华北地区
化德,华北地区
兴和,华北地区
卓资,华北地区
凉城,华北地区
集宁,华北地区
钦南,华南地区
灵山,华南地区
浦北,华南地区
钦北,华南地区
七星,华南地区
临桂,华南地区
叠彩,华南地区
兴安,华南地区
资源,华南地区
阳朔,华南地区
灵川,华南地区
恭城瑶族,华南地区
荔浦,华南地区
雁山,华南地区
永福,华南地区
平乐,华南地区
龙胜各族,华南地区
秀峰,华南地区
象山,华南地区
灌阳,华南地区
全州,华南地区
乐业,华南地区
隆林各族,华南地区
西林,华南地区
凌云,华南地区
田东,华南地区
平果,华南地区
右江,华南地区
德保,华南地区
田阳,华南地区
靖西,华南地区
田林,华南地区
那坡,华南地区
合浦,华南地区
海城,华南地区
银海,华南地区
铁山港,华南地区
平南,华南地区
桂平,华南地区
覃塘,华南地区
港南,华南地区
港北,华南地区
环江毛南族,华南地区
金城江,华南地区
罗城仫佬族,华南地区
天峨,华南地区
宜州,华南地区
凤山,华南地区
南丹,华南地区
大化瑶族,华南地区
巴马瑶族,华南地区
都安瑶族,华南地区
东兰,华南地区
融安,华南地区
融水苗族,华南地区
三江侗族,华南地区
城中,华南地区
柳北,华南地区
鹿寨,华南地区
柳城,华南地区
鱼峰,华南地区
柳江,华南地区
柳南,华南地区
上林,华南地区
马山,华南地区
西乡塘,华南地区
江南,华南地区
隆安,华南地区
武鸣,华南地区
宾阳,华南地区
邕宁,华南地区
良庆,华南地区
青秀,华南地区
兴宾,华南地区
象州,华南地区
忻城,华南地区
金秀瑶族,华南地区
武宣,华南地区
合山,华南地区
扶绥,华南地区
宁明,华南地区
凭祥,华南地区
江州,华南地区
大新,华南地区
天等,华南地区
龙州,华南地区
富川瑶族,华南地区
昭平,华南地区
八步,华南地区
钟山,华南地区
平桂,华南地区
上思,华南地区
防城,华南地区
东兴,华南地区
蒙山,华南地区
岑溪,华南地区
万秀,华南地区
龙圩,华南地区
长洲,华南地区
苍梧,华南地区
兴业,华南地区
福绵,华南地区
玉州,华南地区
博白,华南地区
陆川,华南地区
北流,华南地区
江达,西南地区
卡若,西南地区
丁青,西南地区
类乌齐,西南地区
边坝,西南地区
洛隆,西南地区
八宿,西南地区
贡觉,西南地区
察雅,西南地区
芒康,西南地区
左贡,西南地区
当雄,西南地区
墨竹工卡,西南地区
林周,西南地区
堆龙德庆,西南地区
城关,西南地区
尼木,西南地区
达孜,西南地区
曲水,西南地区
聂荣,西南地区
巴青,西南地区
安多,西南地区
班戈,西南地区
比如,西南地区
申扎,西南地区
色尼,西南地区
嘉黎,西南地区
尼玛,西南地区
双湖,西南地区
仲巴,西南地区
昂仁,西南地区
谢通门,西南地区
南木林,西南地区
萨嘎,西南地区
桑珠孜,西南地区
拉孜,西南地区
吉隆,西南地区
仁布,西南地区
萨迦,西南地区
白朗,西南地区
定日,西南地区
江孜,西南地区
聂拉木,西南地区
康马,西南地区
岗巴,西南地区
定结,西南地区
亚东,西南地区
桑日,西南地区
加查,西南地区
乃东,西南地区
贡嘎,西南地区
扎囊,西南地区
浪卡子,西南地区
隆子,西南地区
琼结,西南地区
曲松,西南地区
措美,西南地区
洛扎,西南地区
错那,西南地区
波密,西南地区
工布江达,西南地区
巴宜,西南地区
墨脱,西南地区
米林,西南地区
察隅,西南地区
札达,西南地区
改则,西南地区
措勤,西南地区
普兰,西南地区
噶尔,西南地区
日土,西南地区
革吉,西南地区
泾源,西北地区
隆德,西北地区
原州,西北地区
彭阳,西北地区
西吉,西北地区
海原,西北地区
沙坡头,西北地区
中宁,西北地区
贺兰,西北地区
西夏,西北地区
兴庆,西北地区
金凤,西北地区
永宁,西北地区
灵武,西北地区
平罗,西北地区
大武口,西北地区
惠农,西北地区
同心,西北地区
盐池,西北地区
利通,西北地区
红寺堡,西北地区
青铜峡,西北地区
温泉,西北地区
阿拉山口,西北地区
博乐,西北地区
精河,西北地区
民丰,西北地区
于田,西北地区
和田,西北地区
洛浦,西北地区
皮山,西北地区
墨玉,西北地区
策勒,西北地区
塔城,西北地区
托里,西北地区
和布克赛尔蒙古,西北地区
裕民,西北地区
额敏,西北地区
乌苏,西北地区
沙湾,西北地区
喀拉喀什,西北地区
北泉,西北地区
哈巴河,西北地区
吉木乃,西北地区
布尔津,西北地区
富蕴,西北地区
青河,西北地区
阿勒泰,西北地区
福海,西北地区
乌尔禾,西北地区
白碱滩,西北地区
独山子,西北地区
奇台,西北地区
木垒哈萨克,西北地区
玛纳斯,西北地区
呼图壁,西北地区
阜康,西北地区
昌吉,西北地区
吉木萨尔,西北地区
和硕,西北地区
和静,西北地区
尉犁,西北地区
若羌,西北地区
博湖,西北地区
焉耆回族,西北地区
且末,西北地区
库尔勒,西北地区
轮台,西北地区
工业园,西北地区
兵团第一师塔里木灌水利管理处,西北地区
兵团图木舒克永安坝,西北地区
兵团图木舒克喀拉拜勒,西北地区
疏勒,西北地区
伽师,西北地区
麦盖提,西北地区
叶城,西北地区
塔什库尔干塔吉克,西北地区
岳普湖,西北地区
泽普,西北地区
莎车,西北地区
巴楚,西北地区
英吉沙,西北地区
疏附,西北地区
喀什,西北地区
奎屯,西北地区
尼勒克,西北地区
巩留,西北地区
伊宁,西北地区
特克斯,西北地区
新源,西北地区
昭苏,西北地区
察布查尔锡伯,西北地区
霍城,西北地区
霍尔果斯,西北地区
达坂城,西北地区
天山,西北地区
沙依巴克,西北地区
头屯河,西北地区
米东,西北地区
水磨沟,西北地区
沙雅,西北地区
温宿,西北地区
拜城,西北地区
新和,西北地区
库车,西北地区
阿克苏,西北地区
柯坪,西北地区
阿瓦提,西北地区
乌什,西北地区
阿图什,西北地区
乌恰,西北地区
阿合奇,西北地区
阿克陶,西北地区
伊吾,西北地区
巴里坤哈萨克,西北地区
伊州,西北地区
高昌,西北地区
鄯善,西北地区
托克逊,西北地区
